41.823132,-73.069246,0.1,"Human","Missing data/not specified/undetermined","5/19/2019","Litchfield County"
41.454707,-72.730595,0.35,"Human","Missing data/not specified/undetermined","11/4/2019","Middlesex County"
41.42886,-72.4601,2.4,"Human","Missing data/not specified/undetermined","2/9/2019","Middlesex County"
41.763782,-73.252414,0.1,"Human","Missing data/not specified/undetermined","7/8/2019","Litchfield County"
41.950555,-73.198482,0.1,"Human","Missing data/not specified/undetermined","7/17/2019","Litchfield County"
41.309002,-72.255347,0.1,"Human","Missing data/not specified/undetermined","10/2/2019","New London County"
41.5023192,-72.9787163,0.5,"Human","Power generation/transmission/distribution","4/3/2019","New Haven County"
41.80965,-72.1155,0.25,"Human","Missing data/not specified/undetermined","4/7/2019","Windham County"
41.3582,-72.5682,0.2,"Human","Missing data/not specified/undetermined","4/16/2019","Middlesex County"
41.406407,-72.834145,0.25,"Human","Missing data/not specified/undetermined","4/6/2019",""
41.5756543,-72.3320269,0.1,"Human","Missing data/not specified/undetermined","11/8/2019","New London County"
41.91527,-72.61673,0.1,"Human","Missing data/not specified/undetermined","7/10/2019","Hartford County"
41.3512516,-72.4061679,0.1,"Human","Equipment and vehicle use","10/18/2019","Middlesex County"
41.9539855,-72.7887071,3,"Human","Missing data/not specified/undetermined","4/3/2019","Hartford County"
41.4773213,-72.512033,0.1,"Human","Missing data/not specified/undetermined","5/16/2019","Middlesex County"
41.747319,-73.1887243,0.7,"Human","Missing data/not specified/undetermined","3/4/2019","Litchfield County"
41.352597,-73.0084385,2,"Human","Missing data/not specified/undetermined","4/4/2019","New Haven County"
41.944389,-73.052702,0.2,"Human","Missing data/not specified/undetermined","10/20/2019","Litchfield County"
41.459525,-72.696396,0.1,"Human","Recreation and ceremony","5/25/2019","Middlesex County"
41.400382,-72.562772,0.2,"Human","Missing data/not specified/undetermined","4/6/2019","Middlesex County"
41.754748,-73.157316,0.2,"Human","Missing data/not specified/undetermined","4/5/2019","Litchfield County"
41.5770391,-73.4084542,4,"Human","Debris and open burning","3/20/2019","Litchfield County"
41.862,-72.3664,0.1,"Human","Missing data/not specified/undetermined","9/25/2019","Tolland County"
41.80454,-73.138308,0.1,"Human","Missing data/not specified/undetermined","4/4/2019","Litchfield County"
41.285377,-72.4475874,0.1,"Human","Recreation and ceremony","3/20/2019","Middlesex County"
41.53573,-72.28008,1,"Human","Missing data/not specified/undetermined","4/4/2019","New London County"
41.457545,-72.692586,0.1,"Human","Missing data/not specified/undetermined","5/10/2019","Middlesex County"
41.4297,-72.7312,0.1,"Human","Recreation and ceremony","8/30/2019","Middlesex County"
41.4398205,-72.0142421,0.1,"Human","Missing data/not specified/undetermined","2/17/2019","New London County"
41.864772,-73.480351,0.5,"Human","Missing data/not specified/undetermined","9/29/2019","Litchfield County"
41.83034,-72.49483,0.1,"Human","Debris and open burning","10/25/2019","Tolland County"
41.949308,-73.01622,0.1,"Human","Missing data/not specified/undetermined","9/24/2019","Litchfield County"
41.498851,-72.457588,0.1,"Human","Recreation and ceremony","11/10/2019","Middlesex County"
41.5209925,-72.4232482,0.1,"Human","Missing data/not specified/undetermined","11/16/2019","Middlesex County"
41.34715,-72.39505,0.1,"Human","Debris and open burning","3/29/2019","Middlesex County"
41.3572,-72.6111,0.25,"Human","Missing data/not specified/undetermined","7/14/2019","Middlesex County"
41.3401579,-72.6003813,0.1,"Human","Missing data/not specified/undetermined","11/16/2019","Middlesex County"
41.9853742,-72.4461952,0.1,"Human","Missing data/not specified/undetermined","10/9/2019","Tolland County"
41.950429,-73.416037,0.2,"Human","Missing data/not specified/undetermined","7/6/2019","Litchfield County"
41.3081527,-72.9281578,3,"Human","Missing data/not specified/undetermined","4/16/2019","New Haven County"
41.49379,-72.66991,0.1,"Human","Missing data/not specified/undetermined","1/26/2019","Middlesex County"
42.010799,-72.970946,0.2,"Human","Missing data/not specified/undetermined","8/30/2019","Litchfield County"
41.882499,-73.00846,0.2,"Human","Missing data/not specified/undetermined","9/1/2019","Litchfield County"
41.73619,-73.33852,0.1,"Human","Missing data/not specified/undetermined","3/31/2019","Litchfield County"
41.515941,-72.735571,0.1,"Human","Missing data/not specified/undetermined","4/1/2019","Middlesex County"
41.76345,-73.214959,0.2,"Human","Missing data/not specified/undetermined","11/6/2019","Litchfield County"
41.35399,-72.39829,0.1,"Human","Debris and open burning","1/21/2019","Middlesex County"
41.3509,-72.4025,0.15,"Human","Debris and open burning","7/29/2019","Middlesex County"
41.3581545,-72.5637023,0.4,"Human","Debris and open burning","1/7/2019","Middlesex County"
41.8489872,-72.5717551,4,"Human","Other causes","4/3/2019","Hartford County"
41.675901,-73.353856,0.1,"Human","Missing data/not specified/undetermined","12/23/2019","Litchfield County"
41.49213,-72.69332,0.7,"Human","Missing data/not specified/undetermined","3/17/2019","Middlesex County"
41.446015,-72.358709,0.1,"Human","Missing data/not specified/undetermined","11/16/2019","Middlesex County"
41.3423,-72.4179,0.6,"Human","Debris and open burning","1/17/2019","Middlesex County"
41.809608,-73.243459,0.2,"Human","Missing data/not specified/undetermined","8/1/2019","Litchfield County"
41.49949,-72.55747,0.6,"Human","Missing data/not specified/undetermined","1/21/2019","Middlesex County"
41.872803,-73.035217,0.1,"Human","Missing data/not specified/undetermined","9/12/2019","Litchfield County"
41.3909305,-72.859545,3,"Human","Missing data/not specified/undetermined","4/5/2019","New Haven County"
41.5792607,-73.4956795,0.2,"Human","Missing data/not specified/undetermined","2/17/2019","Fairfield County"
41.81434,-72.49475,0.1,"Human","Missing data/not specified/undetermined","9/24/2019","Tolland County"
41.6314845,-73.3106731,1.25,"Human","Missing data/not specified/undetermined","3/30/2019","Litchfield County"
41.82617,-72.14727,1,"Human","Missing data/not specified/undetermined","4/7/2019","Windham County"
41.78,-72.33091,0.1,"Human","Missing data/not specified/undetermined","11/29/2019","Tolland County"
41.9412081,-72.7273158,1,"Human","Missing data/not specified/undetermined","3/26/2019","Hartford County"
41.47433,-72.46153,0.7,"Human","Missing data/not specified/undetermined","3/27/2019","Middlesex County"
41.6528768,-72.3914724,0.1,"Human","Missing data/not specified/undetermined","11/2/2019","Tolland County"
41.752951,-73.154609,0.2,"Human","Missing data/not specified/undetermined","10/22/2019","Litchfield County"
41.81712,-73.50013,0.5,"Human","Debris and open burning","3/19/2019","Litchfield County"
41.1414855,-73.3578955,0.55,"Human","Missing data/not specified/undetermined","6/29/2019","Fairfield County"
41.8278,-73.3011,0.1,"Human","Recreation and ceremony","8/15/2019","Litchfield County"
41.3206523,-73.0889973,0.1,"Human","Missing data/not specified/undetermined","4/7/2019","New Haven County"
41.45847,-72.43924,0.1,"Human","Recreation and ceremony","5/15/2019","Middlesex County"
41.3472,-72.4014,0.2,"Human","Missing data/not specified/undetermined","8/3/2019","Middlesex County"
41.884657,-72.946742,0.2,"Human","Missing data/not specified/undetermined","8/24/2019","Litchfield County"
41.9150978,-71.9089613,3,"Human","Debris and open burning","4/3/2019","Windham County"
41.90944,-73.41463,3.5,"Human","Missing data/not specified/undetermined","9/28/2019","Litchfield County"
41.83933,-72.4116,0.2,"Human","Missing data/not specified/undetermined","11/5/2019","Tolland County"
41.511687,-72.419675,0.1,"Human","Recreation and ceremony","4/7/2019","Middlesex County"
41.753534,-73.081462,0.2,"Human","Missing data/not specified/undetermined","7/1/2019","Litchfield County"
41.4134317,-72.3370275,0.5,"Human","Debris and open burning","3/28/2019","Middlesex County"
41.982818,-73.219253,0.1,"Human","Missing data/not specified/undetermined","8/15/2019","Litchfield County"
41.81751,-72.50311,0.1,"Human","Missing data/not specified/undetermined","8/14/2019","Tolland County"
41.9167641,-72.52098,0.2,"Human","Missing data/not specified/undetermined","10/17/2019","Hartford County"
41.885375,-72.2614678,0.1,"Human","Missing data/not specified/undetermined","7/8/2019","Tolland County"
41.925767,-73.076803,0.1,"Human","Missing data/not specified/undetermined","11/3/2019","Litchfield County"
41.397198,-72.498242,0.1,"Human","Missing data/not specified/undetermined","9/22/2019","Middlesex County"
41.5381535,-72.8070435,0.1,"Human","Missing data/not specified/undetermined","11/8/2019","New Haven County"
41.95424,-72.27432,0.1,"Human","Missing data/not specified/undetermined","10/20/2019","Tolland County"
41.7627,-72.284,0.1,"Human","Missing data/not specified/undetermined","10/11/2019","Tolland County"
41.48654,-72.40365,0.25,"Human","Missing data/not specified/undetermined","3/17/2019","Middlesex County"
41.4745795,-72.5124692,0.1,"Human","Missing data/not specified/undetermined","11/9/2019","Middlesex County"
41.777617,-73.114088,0.2,"Human","Missing data/not specified/undetermined","10/12/2019","Litchfield County"
41.89269,-72.38301,0.1,"Human","Smoking","11/16/2019","Tolland County"
41.458633,-72.43885,0.1,"Human","Missing data/not specified/undetermined","9/3/2019","Middlesex County"
41.57427,-72.36833,5,"Human","Missing data/not specified/undetermined","4/4/2019","New London County"
41.4368,-72.71458,4.2,"Human","Power generation/transmission/distribution","1/20/2019","Middlesex County"
41.49751,-72.44885,0.1,"Human","Missing data/not specified/undetermined","4/7/2019","Middlesex County"
41.6362097,-72.2125789,9.2,"Human","Recreation and ceremony","3/30/2019","New London County"
41.3159315,-72.3289715,0.1,"Human","Missing data/not specified/undetermined","7/26/2019","New London County"
41.351251,-72.40616,0.1,"Human","Missing data/not specified/undetermined","5/25/2019","Middlesex County"
41.837048,-73.406397,0.2,"Human","Missing data/not specified/undetermined","7/28/2019","Litchfield County"
41.605796,-73.510372,0.2,"Human","Missing data/not specified/undetermined","5/9/2019","Fairfield County"
41.9941,-72.26478,0.1,"Human","Missing data/not specified/undetermined","7/25/2019","Tolland County"
41.85534,-72.44055,0.5,"Human","Missing data/not specified/undetermined","3/28/2019","Tolland County"
41.810612,-72.125053,0.25,"Missing data/not specified/undetermined","Missing data/not specified/undetermined","9/19/2020","Windham County"
41.57384,-72.41554,0.1,"Human","Missing data/not specified/undetermined","11/18/2020","New London County"
41.92532,-72.39678,0.1,"Missing data/not specified/undetermined","Missing data/not specified/undetermined","4/15/2020","Tolland County"
41.08106,-73.4485,0.5,"Missing data/not specified/undetermined","Missing data/not specified/undetermined","11/19/2020","Fairfield County"
41.77169,-72.29617,1,"Missing data/not specified/undetermined","Missing data/not specified/undetermined","11/9/2020","Tolland County"
41.47190809,-72.71590948,0.1,"Human","Power generation/transmission/distribution","8/8/2020","Middlesex County"
41.79932,-72.30646,0.25,"Missing data/not specified/undetermined","Missing data/not specified/undetermined","10/8/2020","Tolland County"
41.53219342,-72.73204565,0.2,"Missing data/not specified/undetermined","Missing data/not specified/undetermined","7/27/2020","Middlesex County"
41.87581,-72.5649,0.1,"Missing data/not specified/undetermined","Missing data/not specified/undetermined","6/24/2020","Hartford County"
41.892901,-72.068437,1.5,"Missing data/not specified/undetermined","Missing data/not specified/undetermined","10/7/2020","Windham County"
41.97192,-71.82106,0.25,"Human","Arson/incendiarism","9/7/2020","Windham County"
41.92168,-72.31066,0.2,"Missing data/not specified/undetermined","Missing data/not specified/undetermined","6/23/2020","Tolland County"
41.81583405,-73.12061309,0.1,"Missing data/not specified/undetermined","Missing data/not specified/undetermined","1/3/2020","Litchfield County"
41.54059,-73.45693,0.75,"Human","Arson/incendiarism","8/26/2020","Fairfield County"
41.98575,-72.4628,0.5,"Missing data/not specified/undetermined","Missing data/not specified/undetermined","3/8/2020","Tolland County"
41.23192,-73.15647,0.1,"Missing data/not specified/undetermined","Missing data/not specified/undetermined","4/7/2020","Fairfield County"
41.95508,-72.31671,0.1,"Missing data/not specified/undetermined","Missing data/not specified/undetermined","10/1/2020","Tolland County"
41.99866,-72.91576,0.1,"Human","Recreation and ceremony","6/9/2020","Hartford County"
41.79313,-73.05831,0.1,"Missing data/not specified/undetermined","Missing data/not specified/undetermined","8/9/2020","Litchfield County"
41.34896636,-72.29551077,0.2,"Missing data/not specified/undetermined","Missing data/not specified/undetermined","6/21/2020","New London County"
41.70425,-73.49063,0.1,"Missing data/not specified/undetermined","Missing data/not specified/undetermined","8/14/2020","Litchfield County"
41.7112,-71.87581,1,"Human","Missing data/not specified/undetermined","11/20/2020","Windham County"
41.68779,-72.99496,1,"Human","Debris and open burning","3/10/2020","Litchfield County"
41.997984,-72.109239,1,"Human","Recreation and ceremony","7/31/2020","Windham County"
41.34792,-73.25978,0.1,"Missing data/not specified/undetermined","Missing data/not specified/undetermined","9/3/2020","Fairfield County"
41.34577,-73.27821,1,"Missing data/not specified/undetermined","Missing data/not specified/undetermined","10/12/2020","Fairfield County"
41.49804,-73.05,0.1,"Human","Missing data/not specified/undetermined","5/5/2020","New Haven County"
41.8076569,-73.1101705,0.2,"Human","Recreation and ceremony","6/24/2020","Litchfield County"
41.8280282,-73.1398857,0.2,"Human","Recreation and ceremony","7/18/2020","Litchfield County"
41.12362849,-73.33797807,0.25,"Human","Missing data/not specified/undetermined","3/26/2020","Fairfield County"
41.88223,-73.107296,0.5,"Human","Equipment and vehicle use","5/16/2020","Litchfield County"
41.93101,-73.0757,0.1,"Human","Missing data/not specified/undetermined","11/22/2020","Litchfield County"
41.69868,-72.16922,0.5,"Missing data/not specified/undetermined","Missing data/not specified/undetermined","5/20/2020","Windham County"
41.89189,-72.21088,0.5,"Missing data/not specified/undetermined","Missing data/not specified/undetermined","11/18/2020","Windham County"
41.7087399,-72.99994476,1.2,"Missing data/not specified/undetermined","Missing data/not specified/undetermined","10/11/2020","Hartford County"
41.86573,-71.80322,0.5,"Missing data/not specified/undetermined","Missing data/not specified/undetermined","8/23/2020","Windham County"
41.8077,-71.8797,0.1,"Missing data/not specified/undetermined","Missing data/not specified/undetermined","9/19/2020","Windham County"
41.40709519,-72.55931139,0.1,"Human","Missing data/not specified/undetermined","2/23/2020","Middlesex County"
41.805559,-72.123048,0.1,"Human","Recreation and ceremony","9/16/2020","Windham County"
41.44559026,-72.69610405,0.1,"Human","Debris and open burning","1/7/2020","Middlesex County"
41.0792,-73.48218,0.2,"Missing data/not specified/undetermined","Missing data/not specified/undetermined","8/4/2020","Fairfield County"
41.43698573,-72.36638546,0.2,"Human","Missing data/not specified/undetermined","3/27/2020","Middlesex County"
41.51126146,-72.32402802,0.6,"Human","Missing data/not specified/undetermined","3/27/2020","Middlesex County"
41.78204,-71.89114,0.1,"Missing data/not specified/undetermined","Missing data/not specified/undetermined","7/21/2020","Windham County"
41.770472,-72.559823,0.5,"Missing data/not specified/undetermined","Missing data/not specified/undetermined","8/20/2020","Hartford County"
41.93875,-72.33894,0.1,"Missing data/not specified/undetermined","Missing data/not specified/undetermined","5/17/2020","Tolland County"
41.89851,-71.86939,0.25,"Human","Missing data/not specified/undetermined","10/23/2020","Windham County"
41.83719,-72.40355,0.1,"Missing data/not specified/undetermined","Missing data/not specified/undetermined","5/27/2020","Tolland County"
41.84124,-72.37275,0.2,"Missing data/not specified/undetermined","Missing data/not specified/undetermined","10/22/2020","Tolland County"
41.804542,-73.12277221,0.1,"Human","Recreation and ceremony","5/24/2020","Litchfield County"
41.97707,-72.46039,0.1,"Missing data/not specified/undetermined","Missing data/not specified/undetermined","6/6/2020","Tolland County"
42.02921,-72.32079,2,"Human","Recreation and ceremony","2/24/2020","Tolland County"
41.23483,-73.19573,0.1,"Missing data/not specified/undetermined","Missing data/not specified/undetermined","5/21/2020","Fairfield County"
41.956758,-72.31012,1,"Missing data/not specified/undetermined","Missing data/not specified/undetermined","4/7/2020","Tolland County"
41.707559,-71.832652,1,"Missing data/not specified/undetermined","Missing data/not specified/undetermined","8/5/2020","Windham County"
41.255167,-73.201113,0.1,"Missing data/not specified/undetermined","Missing data/not specified/undetermined","7/28/2020","Fairfield County"
41.235212,-73.198084,0.1,"Missing data/not specified/undetermined","Missing data/not specified/undetermined","7/20/2020","Fairfield County"
41.28513,-73.19975,0.1,"Missing data/not specified/undetermined","Missing data/not specified/undetermined","8/23/2020","Fairfield County"
41.32205844,-72.30744123,0.2,"Missing data/not specified/undetermined","Missing data/not specified/undetermined","4/11/2020","New London County"
41.67628,-72.35812,0.1,"Missing data/not specified/undetermined","Missing data/not specified/undetermined","3/16/2020","Tolland County"
41.67863,-73.00336,0.1,"Missing data/not specified/undetermined","Missing data/not specified/undetermined","7/29/2020","Litchfield County"
41.7975218,-73.1276004,0.1,"Human","Recreation and ceremony","9/22/2020","Litchfield County"
41.32018089,-72.44163752,0.1,"Human","Debris and open burning","3/19/2020","Middlesex County"
41.10302526,-73.37958315,0.1,"Human","Missing data/not specified/undetermined","10/25/2020","Fairfield County"
41.892919,-73.134624,0.5,"Missing data/not specified/undetermined","Missing data/not specified/undetermined","3/22/2020","Litchfield County"
41.9267,-73.0748,0.1,"Human","Recreation and ceremony","7/19/2020","Litchfield County"
41.73729,-72.16357,0.1,"Natural","Natural","6/29/2020","Windham County"
41.57780107,-73.20626182,5,"Human","Recreation and ceremony","2/24/2020","Litchfield County"
41.76224,-72.39551,0.1,"Missing data/not specified/undetermined","Missing data/not specified/undetermined","4/4/2020","Tolland County"
41.78982,-72.47029,0.1,"Missing data/not specified/undetermined","Missing data/not specified/undetermined","3/8/2020","Tolland County"
41.85766,-71.92012,0.25,"Missing data/not specified/undetermined","Missing data/not specified/undetermined","10/11/2020","Windham County"
41.6284,-72.00676,0.1,"Missing data/not specified/undetermined","Missing data/not specified/undetermined","9/13/2020","New London County"
41.83006,-73.03435,0.2,"Missing data/not specified/undetermined","Missing data/not specified/undetermined","2/16/2020","Litchfield County"
41.42638,-73.32736,0.1,"Missing data/not specified/undetermined","Missing data/not specified/undetermined","6/4/2020","Fairfield County"
41.82918,-71.88573,0.25,"Human","Recreation and ceremony","9/15/2020","Windham County"
41.41521692,-72.44180918,0.1,"Missing data/not specified/undetermined","Missing data/not specified/undetermined","4/16/2020","Middlesex County"
41.68714,-72.34976,0.5,"Missing data/not specified/undetermined","Missing data/not specified/undetermined","3/8/2020","Tolland County"
41.58512,-71.92377,0.1,"Missing data/not specified/undetermined","Missing data/not specified/undetermined","8/6/2020","New London County"
41.64375,-71.820667,0.3,"Missing data/not specified/undetermined","Missing data/not specified/undetermined","7/24/2020","Windham County"
41.77219,-72.31433,0.2,"Missing data/not specified/undetermined","Missing data/not specified/undetermined","3/22/2020","Tolland County"
41.0628,-73.49651,0.1,"Missing data/not specified/undetermined","Missing data/not specified/undetermined","8/4/2020","Fairfield County"
41.53239,-72.52508,1,"Human","Missing data/not specified/undetermined","11/10/2020","Middlesex County"
41.87258,-72.531,0.5,"Missing data/not specified/undetermined","Missing data/not specified/undetermined","3/15/2020","Hartford County"
41.8565574,-73.0800582,0.1,"Human","Recreation and ceremony","4/25/2020","Litchfield County"
41.8342628,-73.1478891,0.1,"Missing data/not specified/undetermined","Missing data/not specified/undetermined","5/14/2020","Litchfield County"
41.80224609,-73.1382293,0.1,"Human","Recreation and ceremony","5/25/2020","Litchfield County"
41.22722,-73.19341,0.1,"Missing data/not specified/undetermined","Missing data/not specified/undetermined","5/4/2020","Fairfield County"
41.23483,-73.1958,0.1,"Missing data/not specified/undetermined","Missing data/not specified/undetermined","5/24/2020","Fairfield County"
41.74935,-72.0391,0.1,"Missing data/not specified/undetermined","Missing data/not specified/undetermined","10/10/2020","Windham County"
41.78566,-73.08173,0.1,"Missing data/not specified/undetermined","Missing data/not specified/undetermined","3/26/2020","Litchfield County"
41.83057,-72.493,0.1,"Missing data/not specified/undetermined","Missing data/not specified/undetermined","3/9/2020","Tolland County"
41.69934,-73.4028,0.5,"Missing data/not specified/undetermined","Missing data/not specified/undetermined","2/24/2020","Litchfield County"
41.38765,-73.18626,0.6,"Missing data/not specified/undetermined","Missing data/not specified/undetermined","5/12/2020","Fairfield County"
41.30329,-73.2497,0.2,"Missing data/not specified/undetermined","Missing data/not specified/undetermined","7/6/2020","Fairfield County"
41.31619,-73.19904,0.5,"Missing data/not specified/undetermined","Missing data/not specified/undetermined","10/7/2020","Fairfield County"
41.799563,-73.1300012,0.1,"Human","Missing data/not specified/undetermined","9/25/2020","Litchfield County"
41.67973,-73.28112,0.75,"Human","Missing data/not specified/undetermined","3/5/2020","Litchfield County"
41.16827484,-73.32449851,0.1,"Human","Debris and open burning","1/1/2020","Fairfield County"
41.92305,-73.06071,0.1,"Human","Missing data/not specified/undetermined","10/20/2020","Litchfield County"
41.71576,-72.20504,0.2,"Human","Recreation and ceremony","3/7/2020","Windham County"
41.80905,-72.90711,1,"Human","Missing data/not specified/undetermined","6/24/2020","Hartford County"
41.75492,-72.45738,0.1,"Missing data/not specified/undetermined","Missing data/not specified/undetermined","6/28/2020","Tolland County"
41.52499,-73.37988,1,"Missing data/not specified/undetermined","Missing data/not specified/undetermined","8/4/2020","Litchfield County"
41.34115,-72.39164,0.1,"Human","Missing data/not specified/undetermined","3/5/2020","Middlesex County"
41.132047,-73.295744,1,"Human","Missing data/not specified/undetermined","2/19/2020","Fairfield County"
41.82549,-73.208617,0.1,"Natural","Natural","8/10/2020","Litchfield County"
41.44357324,-72.66370964,0.1,"Human","Missing data/not specified/undetermined","5/21/2020","Middlesex County"
41.82258,-71.84284,1.5,"Missing data/not specified/undetermined","Missing data/not specified/undetermined","9/16/2020","Windham County"
41.37702,-72.56189,0.1,"Human","Power generation/transmission/distribution","5/29/2020","Middlesex County"
41.37568116,-72.60960817,0.25,"Missing data/not specified/undetermined","Missing data/not specified/undetermined","8/8/2020","Middlesex County"
41.8866,-73.03116,0.1,"Human","Missing data/not specified/undetermined","5/23/2020","Litchfield County"
41.35462,-73.27001,0.2,"Missing data/not specified/undetermined","Missing data/not specified/undetermined","11/5/2020","Fairfield County"
41.92463,-73.31444,0.2,"Missing data/not specified/undetermined","Missing data/not specified/undetermined","3/15/2020","Litchfield County"
41.403898,-72.47247219,0.6,"Human","Missing data/not specified/undetermined","2/22/2020","Middlesex County"
41.43498,-72.0717,2.4,"Human","Debris and open burning","5/13/2020","New London County"
41.88992,-72.26495,0.2,"Missing data/not specified/undetermined","Missing data/not specified/undetermined","10/8/2020","Tolland County"
41.93977,-72.51602,0.1,"Missing data/not specified/undetermined","Missing data/not specified/undetermined","10/3/2020","Hartford County"
41.87146,-73.36031,1,"Human","Missing data/not specified/undetermined","5/31/2020","Litchfield County"
41.37969375,-72.4132061,1,"Human","Missing data/not specified/undetermined","2/17/2020","Middlesex County"
41.52580976,-72.38222122,18,"Human","Arson/incendiarism","4/7/2020","Middlesex County"
41.5144,-72.74072,0.1,"Missing data/not specified/undetermined","Missing data/not specified/undetermined","8/15/2020","Middlesex County"
41.30806,-73.20088,0.1,"Missing data/not specified/undetermined","Missing data/not specified/undetermined","4/5/2020","Fairfield County"
41.936696,-72.574657,0.5,"Missing data/not specified/undetermined","Missing data/not specified/undetermined","3/27/2020","Hartford County"
41.88908,-71.88804,0.5,"Missing data/not specified/undetermined","Missing data/not specified/undetermined","9/15/2020","Windham County"
41.93877,-73.39904,0.1,"Human","Missing data/not specified/undetermined","6/17/2020","Litchfield County"
41.24829,-73.17069,0.1,"Missing data/not specified/undetermined","Missing data/not specified/undetermined","5/18/2020","Fairfield County"
41.707599,-71.828682,2,"Human","Power generation/transmission/distribution","8/6/2020","Windham County"
41.20352,-73.11322,0.1,"Human","Missing data/not specified/undetermined","8/1/2020","Fairfield County"
41.98471,-71.84618,1,"Natural","Natural","10/7/2020","Windham County"
41.237016,-73.184102,0.1,"Missing data/not specified/undetermined","Missing data/not specified/undetermined","7/26/2020","Fairfield County"
41.25385,-73.17978,0.2,"Missing data/not specified/undetermined","Missing data/not specified/undetermined","7/20/2020","Fairfield County"
41.48971796,-72.61894226,0.2,"Human","Power generation/transmission/distribution","8/8/2020","Middlesex County"
41.76415,-72.08205,1,"Missing data/not specified/undetermined","Missing data/not specified/undetermined","10/11/2020","Windham County"
41.29348,-73.20437,0.2,"Missing data/not specified/undetermined","Missing data/not specified/undetermined","8/7/2020","Fairfield County"
41.6388,-71.8963,0.33,"Human","Equipment and vehicle use","3/18/2020","Windham County"
41.71921,-71.85221,0.5,"Human","Debris and open burning","3/27/2020","Windham County"
41.70017,-73.0016,0.1,"Human","Missing data/not specified/undetermined","9/16/2020","Litchfield County"
41.67591,-73.01018,0.1,"Human","Recreation and ceremony","11/5/2020","Litchfield County"
41.59897,-72.60217,2.5,"Missing data/not specified/undetermined","Missing data/not specified/undetermined","3/8/2020","Middlesex County"
41.35803,-73.1944,0.2,"Missing data/not specified/undetermined","Missing data/not specified/undetermined","5/27/2020","Fairfield County"
41.31101,-73.22122,0.3,"Missing data/not specified/undetermined","Missing data/not specified/undetermined","5/30/2020","Fairfield County"
41.31133,-73.22767,0.3,"Missing data/not specified/undetermined","Missing data/not specified/undetermined","8/2/2020","Fairfield County"
41.8206893,-73.0808571,0.1,"Human","Recreation and ceremony","7/6/2020","Litchfield County"
41.8124446,-73.1185162,0.2,"Missing data/not specified/undetermined","Missing data/not specified/undetermined","9/13/2020","Litchfield County"
41.8038433,-73.1149254,0.1,"Human","Missing data/not specified/undetermined","9/19/2020","Litchfield County"
41.793483,-73.127894,0.25,"Human","Recreation and ceremony","9/20/2020","Litchfield County"
41.793887,-73.118283,0.25,"Human","Missing data/not specified/undetermined","9/27/2020","Litchfield County"
41.90087,-73.15538,0.1,"Human","Recreation and ceremony","10/30/2020","Litchfield County"
42.02463,-71.97106,0.1,"Missing data/not specified/undetermined","Missing data/not specified/undetermined","3/8/2020","Windham County"
41.94221,-72.18379,0.1,"Missing data/not specified/undetermined","Missing data/not specified/undetermined","4/15/2020","Windham County"
41.93395,-73.02579,0.2,"Missing data/not specified/undetermined","Missing data/not specified/undetermined","3/10/2020","Litchfield County"
41.4398,-73.0579,3,"Human","Debris and open burning","3/9/2020","New Haven County"
41.78126,-72.46493,1,"Missing data/not specified/undetermined","Missing data/not specified/undetermined","3/9/2020","Tolland County"
41.51907,-73.3342,0.1,"Missing data/not specified/undetermined","Missing data/not specified/undetermined","9/12/2020","Litchfield County"
41.87794,-71.8738,0.1,"Human","Missing data/not specified/undetermined","11/21/2020","Windham County"
41.40381,-72.54908,0.1,"Human","Missing data/not specified/undetermined","2/23/2020","Middlesex County"
41.63704,-72.25194,2,"Missing data/not specified/undetermined","Missing data/not specified/undetermined","3/9/2020","New London County"
41.753827,-73.247245,0.2,"Human","Recreation and ceremony","5/14/2020","Litchfield County"
42.02643,-73.33739,0.5,"Missing data/not specified/undetermined","Missing data/not specified/undetermined","1/12/2020","Litchfield County"
41.97904,-73.36048,0.1,"Human","Recreation and ceremony","5/24/2020","Litchfield County"
41.67658,-72.31843,0.1,"Missing data/not specified/undetermined","Missing data/not specified/undetermined","3/2/2020","Tolland County"
42.018475,-72.119861,0.25,"Missing data/not specified/undetermined","Missing data/not specified/undetermined","9/28/2020","Tolland County"
41.68147,-73.0531,0.1,"Human","Recreation and ceremony","10/4/2020","Litchfield County"
41.07321,-73.48851,0.5,"Missing data/not specified/undetermined","Missing data/not specified/undetermined","11/24/2020","Fairfield County"
41.44304752,-72.50622511,0.6,"Human","Recreation and ceremony","2/17/2020","Middlesex County"
41.3568306,-72.49787807,0.1,"Human","Recreation and ceremony","3/7/2020","Middlesex County"
41.49825811,-72.41627455,0.1,"Human","Missing data/not specified/undetermined","6/13/2020","Middlesex County"
41.79647,-72.19607,1,"Missing data/not specified/undetermined","Missing data/not specified/undetermined","10/10/2020","Tolland County"
41.98199,-73.42063,0.25,"Human","Missing data/not specified/undetermined","6/25/2020","Litchfield County"
41.85253,-72.36802,1,"Missing data/not specified/undetermined","Missing data/not specified/undetermined","10/25/2020","Tolland County"
41.8054901,-73.116201,0.2,"Missing data/not specified/undetermined","Missing data/not specified/undetermined","2/4/2020","Litchfield County"
42.02687,-72.24346,0.5,"Missing data/not specified/undetermined","Missing data/not specified/undetermined","3/9/2020","Tolland County"
41.62013,-73.50763,0.1,"Human","Recreation and ceremony","11/16/2020","Fairfield County"
41.2794,-73.21808,0.2,"Missing data/not specified/undetermined","Missing data/not specified/undetermined","4/6/2020","Fairfield County"
41.9531,-72.30315,0.1,"Missing data/not specified/undetermined","Missing data/not specified/undetermined","3/27/2020","Tolland County"
41.95799,-72.31038,0.2,"Missing data/not specified/undetermined","Missing data/not specified/undetermined","4/7/2020","Tolland County"
41.48560882,-72.55768061,0.1,"Human","Recreation and ceremony","11/6/2020","Middlesex County"
41.249274,-73.202164,1,"Missing data/not specified/undetermined","Missing data/not specified/undetermined","9/15/2020","Fairfield County"
41.83637,-72.45875,0.1,"Missing data/not specified/undetermined","Missing data/not specified/undetermined","10/8/2020","Tolland County"
41.85177,-72.46504,1,"Missing data/not specified/undetermined","Missing data/not specified/undetermined","11/26/2020","Tolland County"
41.32205844,-72.30744123,0.2,"Human","Missing data/not specified/undetermined","5/10/2020","New London County"
41.66946,-73.00405,0.2,"Human","Recreation and ceremony","5/17/2020","Litchfield County"
41.34444,-73.26382,0.1,"Missing data/not specified/undetermined","Missing data/not specified/undetermined","5/29/2020","Fairfield County"
41.38614,-73.18541,0.5,"Missing data/not specified/undetermined","Missing data/not specified/undetermined","6/1/2020","Fairfield County"
41.34152,-73.27858,1,"Missing data/not specified/undetermined","Missing data/not specified/undetermined","10/9/2020","Fairfield County"
41.80137,-73.08621,0.1,"Human","Missing data/not specified/undetermined","10/1/2020","Litchfield County"
41.12250863,-73.34916074,0.1,"Human","Missing data/not specified/undetermined","3/26/2020","Fairfield County"
41.91442,-73.04756,0.3,"Missing data/not specified/undetermined","Missing data/not specified/undetermined","8/1/2020","Litchfield County"
41.71614,-72.2009,0.1,"Missing data/not specified/undetermined","Missing data/not specified/undetermined","9/8/2020","Windham County"
41.73389,-72.1716,94,"Human","Recreation and ceremony","9/16/2020","Windham County"
41.582961,-72.994149,7,"Human","Missing data/not specified/undetermined","5/13/2020","New Haven County"
41.60387,-71.95332,0.1,"Missing data/not specified/undetermined","Missing data/not specified/undetermined","9/23/2020","New London County"
41.6063,-71.94023,1,"Missing data/not specified/undetermined","Missing data/not specified/undetermined","9/22/2020","New London County"
41.7137,-73.22608,0.1,"Missing data/not specified/undetermined","Missing data/not specified/undetermined","4/24/2020","Litchfield County"
41.8284,-73.01621,0.5,"Missing data/not specified/undetermined","Missing data/not specified/undetermined","2/6/2020","Litchfield County"
41.26822,-72.892714,0.13,"Human","Missing data/not specified/undetermined","5/3/2020","New Haven County"
41.53659,-72.28492,0.25,"Human","Missing data/not specified/undetermined","4/3/2020","New London County"
42.017447,-73.483247,1.25,"Missing data/not specified/undetermined","Missing data/not specified/undetermined","7/29/2020","Litchfield County"
41.34952426,-72.49092579,0.1,"Missing data/not specified/undetermined","Missing data/not specified/undetermined","4/15/2020","Middlesex County"
41.46272,-72.70415,0.1,"Human","Debris and open burning","1/7/2020","Middlesex County"
41.46773458,-72.68024683,0.1,"Human","Recreation and ceremony","2/23/2020","Middlesex County"
41.44616961,-72.42728233,1,"Human","Equipment and vehicle use","1/29/2020","Middlesex County"
41.48706,-72.99129,0.75,"Human","Missing data/not specified/undetermined","5/7/2020","New Haven County"
41.90663,-71.89286,0.1,"Missing data/not specified/undetermined","Missing data/not specified/undetermined","8/7/2020","Windham County"
41.44307971,-72.50622511,0.1,"Human","Debris and open burning","5/2/2020","Middlesex County"
41.63141,-72.4532,0.1,"Missing data/not specified/undetermined","Missing data/not specified/undetermined","11/2/2020","Hartford County"
41.91301,-72.52148,0.2,"Missing data/not specified/undetermined","Missing data/not specified/undetermined","3/2/2020","Hartford County"
41.89463,-72.43026,0.1,"Missing data/not specified/undetermined","Missing data/not specified/undetermined","6/18/2020","Tolland County"
41.49437,-73.08518,0.1,"Missing data/not specified/undetermined","Missing data/not specified/undetermined","5/12/2020","New Haven County"
41.802726,-73.134515,0.2,"Human","Missing data/not specified/undetermined","5/7/2020","Litchfield County"
41.24412,-73.19523,0.2,"Missing data/not specified/undetermined","Missing data/not specified/undetermined","4/1/2020","Fairfield County"
41.70338,-71.82966,0.2,"Missing data/not specified/undetermined","Missing data/not specified/undetermined","10/11/2020","Windham County"
41.23285,-73.15009,0.1,"Missing data/not specified/undetermined","Missing data/not specified/undetermined","7/21/2020","Fairfield County"
41.44307971,-72.50622511,0.1,"Missing data/not specified/undetermined","Missing data/not specified/undetermined","10/14/2020","Middlesex County"
41.78818,-73.10232,0.7,"Missing data/not specified/undetermined","Missing data/not specified/undetermined","8/5/2020","Litchfield County"
41.24967,-73.15108,1.5,"Missing data/not specified/undetermined","Missing data/not specified/undetermined","11/7/2020","Fairfield County"
41.761079,-73.04614,0.25,"Human","Recreation and ceremony","11/15/2020","Litchfield County"
41.83159,-71.81168,0.1,"Human","Missing data/not specified/undetermined","2/22/2020","Windham County"
41.3347,-73.22432,0.2,"Missing data/not specified/undetermined","Missing data/not specified/undetermined","6/7/2020","Fairfield County"
41.31022,-73.25774,0.5,"Missing data/not specified/undetermined","Missing data/not specified/undetermined","11/7/2020","Fairfield County"
41.50465,-73.08978,0.1,"Human","Missing data/not specified/undetermined","3/10/2020","New Haven County"
41.62642,-73.31432,0.5,"Missing data/not specified/undetermined","Missing data/not specified/undetermined","3/16/2020","Litchfield County"
41.15505825,-73.35866493,0.1,"Human","Debris and open burning","5/18/2020","Fairfield County"
41.94852,-73.04496,0.5,"Human","Recreation and ceremony","10/11/2020","Litchfield County"
42.0225,-72.00941,1.25,"Missing data/not specified/undetermined","Missing data/not specified/undetermined","10/10/2020","Windham County"
41.35127306,-72.40618944,0.3,"Human","Missing data/not specified/undetermined","3/27/2020","Middlesex County"
41.784418,-71.85876,0.1,"Missing data/not specified/undetermined","Missing data/not specified/undetermined","8/2/2020","Windham County"
41.82953,-73.00201,0.2,"Missing data/not specified/undetermined","Missing data/not specified/undetermined","9/1/2020","Litchfield County"
41.34898782,-72.29548931,0.1,"Human","Missing data/not specified/undetermined","3/15/2020","New London County"
41.81352,-72.38567,0.1,"Missing data/not specified/undetermined","Missing data/not specified/undetermined","5/24/2020","Tolland County"
41.41164,-72.334287,0.1,"Human","Power generation/transmission/distribution","2/7/2020","New London County"
41.80668,-72.20714,0.3,"Missing data/not specified/undetermined","Missing data/not specified/undetermined","4/15/2020","Tolland County"
41.74063,-72.21519,0.1,"Human","Power generation/transmission/distribution","5/2/2020","Tolland County"
41.60254,-72.41139,0.1,"Missing data/not specified/undetermined","Missing data/not specified/undetermined","11/20/2020","Hartford County"
41.50764585,-72.74595022,0.1,"Human","Missing data/not specified/undetermined","8/14/2020","Middlesex County"
41.3642,-72.2068,0.5,"Human","Missing data/not specified/undetermined","2/23/2020","New London County"
41.90062,-72.45963,0.1,"Missing data/not specified/undetermined","Missing data/not specified/undetermined","10/10/2020","Tolland County"
41.50695,-73.01695,0.1,"Missing data/not specified/undetermined","Missing data/not specified/undetermined","5/14/2020","New Haven County"
41.79287719,-73.11804199,0.1,"Missing data/not specified/undetermined","Missing data/not specified/undetermined","1/31/2020","Litchfield County"
41.8000156,-73.134591,0.1,"Human","Missing data/not specified/undetermined","5/2/2020","Litchfield County"
41.79400634,-73.12434387,0.1,"Human","Recreation and ceremony","6/5/2020","Litchfield County"
41.83943,-73.44488,0.1,"Human","Debris and open burning","11/29/2020","Litchfield County"
41.951647,-72.309304,0.1,"Missing data/not specified/undetermined","Missing data/not specified/undetermined","3/3/2020","Tolland County"
41.241975,-73.200133,0.1,"Missing data/not specified/undetermined","Missing data/not specified/undetermined","5/1/2020","Fairfield County"
41.25728,-73.20515,0.2,"Missing data/not specified/undetermined","Missing data/not specified/undetermined","5/8/2020","Fairfield County"
41.96877,-72.39778,0.1,"Missing data/not specified/undetermined","Missing data/not specified/undetermined","4/29/2020","Tolland County"
41.964711,-72.320514,0.2,"Missing data/not specified/undetermined","Missing data/not specified/undetermined","5/27/2020","Tolland County"
42.00079,-72.64554,0.25,"Human","Debris and open burning","11/21/2020","Hartford County"
41.23401,-73.199142,0.1,"Missing data/not specified/undetermined","Missing data/not specified/undetermined","7/9/2020","Fairfield County"
41.79036,-72.0691,1,"Human","Debris and open burning","5/13/2020","Windham County"
41.77837,-73.04943,0.1,"Human","Missing data/not specified/undetermined","6/4/2020","Litchfield County"
41.25128,-73.17454,0.1,"Missing data/not specified/undetermined","Missing data/not specified/undetermined","8/8/2020","Fairfield County"
41.992155,-72.137157,1,"Missing data/not specified/undetermined","Missing data/not specified/undetermined","10/10/2020","Tolland County"
41.82641,-72.49701,0.1,"Missing data/not specified/undetermined","Missing data/not specified/undetermined","6/6/2020","Tolland County"
41.34362,-72.33939,0.1,"Missing data/not specified/undetermined","Missing data/not specified/undetermined","9/24/2020","New London County"
41.66916,-71.9108,0.1,"Human","Missing data/not specified/undetermined","11/21/2020","Windham County"
41.869,-71.99309,0.25,"Human","Missing data/not specified/undetermined","11/7/2020","Windham County"
41.92183,-73.06795,0.2,"Missing data/not specified/undetermined","Missing data/not specified/undetermined","3/9/2020","Litchfield County"
41.965863,-73.075327,0.1,"Missing data/not specified/undetermined","Missing data/not specified/undetermined","8/8/2020","Litchfield County"
41.33748,-72.43218,0.1,"Human","Debris and open burning","4/25/2020","Middlesex County"
41.775086,-71.865289,0.1,"Human","Missing data/not specified/undetermined","8/2/2020","Windham County"
41.56148,-72.04008,0.25,"Human","Missing data/not specified/undetermined","11/8/2020","New London County"
41.81661,-73.0557,0.25,"Human","Debris and open burning","9/18/2020","Litchfield County"
41.39737,-73.29426,0.1,"Missing data/not specified/undetermined","Missing data/not specified/undetermined","10/3/2020","Fairfield County"
41.40178,-72.86514,0.1,"Human","Missing data/not specified/undetermined","11/4/2020","New Haven County"
41.71927,-72.31556,0.1,"Missing data/not specified/undetermined","Missing data/not specified/undetermined","5/16/2020","Tolland County"
41.38215,-72.4309,0.1,"Human","Missing data/not specified/undetermined","2/23/2020","Middlesex County"
41.39066935,-72.43805408,0.1,"Human","Missing data/not specified/undetermined","6/13/2020","Middlesex County"
41.80217,-72.30145,0.1,"Missing data/not specified/undetermined","Missing data/not specified/undetermined","3/8/2020","Tolland County"
41.50841832,-72.71998644,0.1,"Missing data/not specified/undetermined","Missing data/not specified/undetermined","7/30/2020","Middlesex County"
41.51646495,-72.71311998,0.5,"Missing data/not specified/undetermined","Missing data/not specified/undetermined","11/18/2020","Middlesex County"
41.91768,-73.44144,0.1,"Human","Recreation and ceremony","11/15/2020","Litchfield County"
41.24763,-73.23149,0.1,"Missing data/not specified/undetermined","Missing data/not specified/undetermined","4/11/2020","Fairfield County"
41.959938,-72.301823,0.2,"Missing data/not specified/undetermined","Missing data/not specified/undetermined","10/6/2020","Tolland County"
41.98718,-72.60983,3,"Human","Smoking","3/9/2020","Hartford County"
42.02089,-71.83642,0.25,"Human","Missing data/not specified/undetermined","10/25/2020","Windham County"
41.7711,-72.08661,0.1,"Missing data/not specified/undetermined","Missing data/not specified/undetermined","5/19/2020","Windham County"
41.77033,-72.0627,0.25,"Human","Missing data/not specified/undetermined","11/22/2020","Windham County"
41.23483,-73.19573,0.1,"Missing data/not specified/undetermined","Missing data/not specified/undetermined","8/13/2020","Fairfield County"
41.27227,-73.25867,1,"Missing data/not specified/undetermined","Missing data/not specified/undetermined","11/9/2020","Fairfield County"
41.86063,-72.46872,0.2,"Missing data/not specified/undetermined","Missing data/not specified/undetermined","4/20/2020","Tolland County"
41.75607,-73.02412,0.1,"Human","Recreation and ceremony","11/30/2020","Litchfield County"
41.66137,-73.00039,0.2,"Human","Missing data/not specified/undetermined","4/27/2020","Litchfield County"
41.90071,-71.96071,0.1,"Missing data/not specified/undetermined","Missing data/not specified/undetermined","8/5/2020","Windham County"
41.60482,-72.57582,1,"Missing data/not specified/undetermined","Missing data/not specified/undetermined","3/8/2020","Middlesex County"
41.796462,-73.1131989,0.1,"Human","Recreation and ceremony","6/11/2020","Litchfield County"
41.36435,-73.22531,1,"Missing data/not specified/undetermined","Missing data/not specified/undetermined","11/8/2020","Fairfield County"
41.8028722,-73.13836,0.1,"Missing data/not specified/undetermined","Missing data/not specified/undetermined","8/5/2020","Litchfield County"
41.8123402,-73.1132985,0.1,"Missing data/not specified/undetermined","Missing data/not specified/undetermined","9/1/2020","Litchfield County"
41.8208632,-73.0832743,0.25,"Human","Missing data/not specified/undetermined","11/7/2020","Litchfield County"
41.17311102,-73.32413545,0.1,"Human","Missing data/not specified/undetermined","5/30/2020","Fairfield County"
41.11166661,-73.3597014,0.25,"Human","Smoking","2/28/2020","Fairfield County"
41.92298,-72.26703,0.8,"Missing data/not specified/undetermined","Missing data/not specified/undetermined","3/8/2020","Tolland County"
41.88899,-73.12009,0.2,"Human","Missing data/not specified/undetermined","5/10/2020","Litchfield County"
41.89708,-73.10211,0.1,"Missing data/not specified/undetermined","Missing data/not specified/undetermined","8/27/2020","Litchfield County"
41.737484,-72.180984,1,"Human","Equipment and vehicle use","3/5/2020","Windham County"
41.61638,-72.11949,0.1,"Human","Missing data/not specified/undetermined","3/27/2020","New London County"
41.569549,-72.131911,1,"Human","Power generation/transmission/distribution","6/26/2020","New London County"
41.71646,-72.6223,0.5,"Human","Power generation/transmission/distribution","8/9/2020","Hartford County"
41.7137,-73.14609,1.5,"Missing data/not specified/undetermined","Missing data/not specified/undetermined","3/25/2020","Litchfield County"
41.74864,-73.20045,0.1,"Human","Recreation and ceremony","5/31/2020","Litchfield County"
42.0282,-73.33196,0.3,"Missing data/not specified/undetermined","Missing data/not specified/undetermined","8/21/2020","Litchfield County"
41.56931,-72.30676,0.71,"Missing data/not specified/undetermined","Missing data/not specified/undetermined","4/2/2020","New London County"
41.57427,-72.36833,0.2,"Missing data/not specified/undetermined","Missing data/not specified/undetermined","4/2/2020","New London County"
41.33588,-73.29652,0.3,"Missing data/not specified/undetermined","Missing data/not specified/undetermined","4/5/2020","Fairfield County"
41.366032,-73.228284,0.5,"Missing data/not specified/undetermined","Missing data/not specified/undetermined","4/19/2020","Fairfield County"
41.35736704,-72.51995802,0.1,"Human","Missing data/not specified/undetermined","2/22/2020","Middlesex County"
41.79872,-73.39123,0.1,"Missing data/not specified/undetermined","Missing data/not specified/undetermined","8/5/2020","Litchfield County"
41.9065,-72.73947,1,"Human","Fireworks","9/23/2020","Hartford County"
41.51037097,-72.42103815,0.1,"Human","Missing data/not specified/undetermined","2/23/2020","Middlesex County"
41.47207,-72.3854,0.1,"Human","Recreation and ceremony","5/3/2020","Middlesex County"
41.50728106,-72.71745443,0.1,"Human","Debris and open burning","4/15/2020","Middlesex County"
41.91233,-72.6198,0.1,"Missing data/not specified/undetermined","Missing data/not specified/undetermined","6/23/2020","Hartford County"
41.87277,-72.45456,0.1,"Missing data/not specified/undetermined","Missing data/not specified/undetermined","4/7/2020","Tolland County"
41.5564843,-73.3087285,0.1,"Missing data/not specified/undetermined","Missing data/not specified/undetermined","5/19/2020","Litchfield County"
41.90935,-73.36484,2,"Human","Recreation and ceremony","6/20/2020","Litchfield County"
41.83555,-73.47766,0.7,"Missing data/not specified/undetermined","Missing data/not specified/undetermined","8/27/2020","Litchfield County"
41.79974,-73.41763,0.1,"Human","Recreation and ceremony","10/1/2020","Litchfield County"
41.8189475,-73.1508572,0.3,"Missing data/not specified/undetermined","Missing data/not specified/undetermined","1/11/2020","Litchfield County"
41.81628036,-73.0901184,0.1,"Human","Recreation and ceremony","6/2/2020","Litchfield County"
41.22765,-73.18162,0.1,"Missing data/not specified/undetermined","Missing data/not specified/undetermined","5/20/2020","Fairfield County"
41.2446,-73.16182,0.2,"Missing data/not specified/undetermined","Missing data/not specified/undetermined","5/23/2020","Fairfield County"
41.73521,-73.08669,1,"Missing data/not specified/undetermined","Missing data/not specified/undetermined","8/11/2020","Litchfield County"
41.61646,-72.34394,0.2,"Missing data/not specified/undetermined","Missing data/not specified/undetermined","10/26/2020","Tolland County"
41.32518,-73.28017,0.4,"Missing data/not specified/undetermined","Missing data/not specified/undetermined","5/31/2020","Fairfield County"
41.34384,-73.24912,0.2,"Missing data/not specified/undetermined","Missing data/not specified/undetermined","7/17/2020","Fairfield County"
41.8067699,-73.1211274,0.1,"Human","Missing data/not specified/undetermined","9/23/2020","Litchfield County"
41.58077,-71.81994,0.1,"Missing data/not specified/undetermined","Missing data/not specified/undetermined","8/23/2020","New London County"
41.28067732,-72.42408514,0.1,"Human","Recreation and ceremony","2/12/2020","Middlesex County"
41.15591507,-73.36168734,0.25,"Human","Debris and open burning","4/2/2020","Fairfield County"
41.84729,-72.29706,0.1,"Human","Fireworks","10/24/2020","Tolland County"
41.9298,-73.07572,0.3,"Missing data/not specified/undetermined","Missing data/not specified/undetermined","9/7/2020","Litchfield County"
41.92326,-72.99623,0.1,"Missing data/not specified/undetermined","Missing data/not specified/undetermined","8/15/2020","Litchfield County"
41.4306,-73.0434,3,"Missing data/not specified/undetermined","Missing data/not specified/undetermined","4/6/2020","New Haven County"
41.37524,-73.40799,1.5,"Human","Missing data/not specified/undetermined","2/22/2020","Fairfield County"
41.802793,-73.237847,0.1,"Human","Recreation and ceremony","11/6/2020","Litchfield County"
41.804142,-73.208805,0.5,"Human","Debris and open burning","11/10/2020","Litchfield County"
41.39856,-72.53781,0.1,"Human","Recreation and ceremony","7/14/2020","Middlesex County"
41.576191,-72.256818,0.5,"Human","Debris and open burning","2/24/2020","New London County"
41.49192,-73.05274,0.1,"Human","Missing data/not specified/undetermined","6/21/2020","New Haven County"
41.82161,-72.99996,0.2,"Human","Recreation and ceremony","6/21/2020","Litchfield County"
41.39964,-73.30865,0.1,"Missing data/not specified/undetermined","Missing data/not specified/undetermined","10/11/2020","Fairfield County"
41.98911,-73.19695,0.1,"Missing data/not specified/undetermined","Missing data/not specified/undetermined","8/22/2020","Litchfield County"
41.57427,-72.36833,4,"Human","Missing data/not specified/undetermined","4/3/2020","New London County"
41.96452,-72.319,0.2,"Human","Railroad operations and maintenance","3/9/2020","Tolland County"
41.07158,-73.47855,0.5,"Missing data/not specified/undetermined","Missing data/not specified/undetermined","11/16/2020","Fairfield County"
41.43695345,-72.36642838,0.1,"Human","Missing data/not specified/undetermined","3/21/2020","Middlesex County"
41.579812,-72.429219,0.1,"Missing data/not specified/undetermined","Missing data/not specified/undetermined","6/7/2020","Middlesex County"
41.51532769,-72.41537333,0.1,"Human","Recreation and ceremony","8/21/2020","Middlesex County"
41.73016,-72.2126,0.1,"Missing data/not specified/undetermined","Missing data/not specified/undetermined","10/26/2020","Tolland County"
41.83072,-72.30709,0.1,"Missing data/not specified/undetermined","Missing data/not specified/undetermined","11/6/2020","Tolland County"
41.46775603,-72.36951828,0.1,"Human","Debris and open burning","8/22/2020","Middlesex County"
41.91995,-72.11473,0.5,"Missing data/not specified/undetermined","Missing data/not specified/undetermined","8/17/2020","Windham County"
42.0461,-73.37196,1,"Missing data/not specified/undetermined","Missing data/not specified/undetermined","1/27/2020","Litchfield County"
41.95477,-73.47528,0.25,"Human","Recreation and ceremony","9/20/2020","Litchfield County"
41.88644,-73.46475,0.2,"Human","Missing data/not specified/undetermined","11/15/2020","Litchfield County"
41.90003,-72.35272,0.12,"Human","Missing data/not specified/undetermined","3/9/2020","Tolland County"
41.7975502,-73.11000823,0.1,"Missing data/not specified/undetermined","Missing data/not specified/undetermined","3/26/2020","Litchfield County"
41.96103,-72.31467,0.5,"Missing data/not specified/undetermined","Missing data/not specified/undetermined","3/9/2020","Tolland County"
42.01934,-72.40218,0.1,"Missing data/not specified/undetermined","Missing data/not specified/undetermined","3/4/2020","Tolland County"
41.99077,-71.89706,1,"Missing data/not specified/undetermined","Missing data/not specified/undetermined","10/10/2020","Windham County"
41.86467,-72.43959,0.1,"Missing data/not specified/undetermined","Missing data/not specified/undetermined","3/12/2020","Tolland County"
41.84024,-72.49764,0.25,"Missing data/not specified/undetermined","Missing data/not specified/undetermined","10/8/2020","Tolland County"
41.84897,-71.81247,0.1,"Human","Recreation and ceremony","3/27/2020","Windham County"
41.74874,-71.86808,1.5,"Human","Recreation and ceremony","4/12/2020","Windham County"
41.31412,-73.25379,0.4,"Missing data/not specified/undetermined","Missing data/not specified/undetermined","5/14/2020","Fairfield County"
41.7854718,-73.1179152,0.1,"Human","Recreation and ceremony","7/22/2020","Litchfield County"
41.7939624,-73.1182935,0.1,"Human","Recreation and ceremony","11/6/2020","Litchfield County"
41.649189,-73.101919,0.1,"Human","Missing data/not specified/undetermined","8/16/2020","Litchfield County"
41.2904,-72.44926,0.1,"Human","Debris and open burning","2/1/2020","Middlesex County"
41.33387089,-72.48753548,0.2,"Human","Debris and open burning","5/2/2020","Middlesex County"
41.18024148,-73.33493962,0.25,"Human","Missing data/not specified/undetermined","6/21/2020","Fairfield County"
41.92576,-72.20454,0.5,"Missing data/not specified/undetermined","Missing data/not specified/undetermined","3/8/2020","Windham County"
41.81183,-72.84869,0.5,"Human","Missing data/not specified/undetermined","6/23/2020","Hartford County"
41.81156,-73.25587,0.5,"Human","Missing data/not specified/undetermined","9/25/2020","Litchfield County"
41.44375563,-72.47139931,0.1,"Human","Recreation and ceremony","3/17/2020","Middlesex County"
41.81714,-71.88178,0.25,"Human","Missing data/not specified/undetermined","11/21/2020","Windham County"
41.87741,-73.05043,1,"Human","Debris and open burning","5/20/2020","Litchfield County"
41.403898,-72.47245073,0.1,"Missing data/not specified/undetermined","Missing data/not specified/undetermined","7/26/2020","Middlesex County"
41.98075,-72.0786,0.1,"Missing data/not specified/undetermined","Missing data/not specified/undetermined","3/15/2020","Windham County"
41.90395,-73.308365,0.1,"Missing data/not specified/undetermined","Missing data/not specified/undetermined","9/3/2020","Litchfield County"
41.80231,-72.34771,0.5,"Human","Debris and open burning","2/22/2020","Tolland County"
41.53021932,-72.33570099,0.3,"Human","Missing data/not specified/undetermined","2/25/2020","Middlesex County"
41.76788,-73.17497,0.1,"Human","Recreation and ceremony","11/23/2020","Litchfield County"
41.70515776,-73.09684043,0.5,"Human","Recreation and ceremony","11/9/2020","Litchfield County"
41.74568,-72.25669,0.2,"Missing data/not specified/undetermined","Missing data/not specified/undetermined","3/14/2020","Tolland County"
41.67106,-72.48401,1,"Missing data/not specified/undetermined","Missing data/not specified/undetermined","4/7/2020","Hartford County"
41.8673,-72.50709,1,"Missing data/not specified/undetermined","Missing data/not specified/undetermined","11/21/2020","Tolland County"
41.60022,-72.87813,0.1,"Human","Missing data/not specified/undetermined","3/9/2020","Hartford County"
41.26744,-73.18726,0.1,"Missing data/not specified/undetermined","Missing data/not specified/undetermined","5/20/2020","Fairfield County"
42.02687,-72.39194,0.2,"Missing data/not specified/undetermined","Missing data/not specified/undetermined","3/11/2020","Tolland County"
41.95155,-72.31189,0.5,"Human","Railroad operations and maintenance","4/11/2020","Tolland County"
41.94959,-72.30744,0.1,"Missing data/not specified/undetermined","Missing data/not specified/undetermined","5/12/2020","Tolland County"
41.98683,-71.8998,0.1,"Missing data/not specified/undetermined","Missing data/not specified/undetermined","9/22/2020","Windham County"
41.24545,-73.22359,0.1,"Missing data/not specified/undetermined","Missing data/not specified/undetermined","6/23/2020","Fairfield County"
41.27084,-73.20249,0.1,"Missing data/not specified/undetermined","Missing data/not specified/undetermined","6/30/2020","Fairfield County"
41.251138,-73.19411,0.1,"Missing data/not specified/undetermined","Missing data/not specified/undetermined","7/9/2020","Fairfield County"
41.25038,-73.24526,0.5,"Missing data/not specified/undetermined","Missing data/not specified/undetermined","11/29/2020","Fairfield County"
41.23483,-73.1973,2,"Missing data/not specified/undetermined","Missing data/not specified/undetermined","11/10/2020","Fairfield County"
41.82233,-72.4333,0.1,"Human","Power generation/transmission/distribution","4/13/2020","Tolland County"
41.718345,-71.867973,0.1,"Missing data/not specified/undetermined","Missing data/not specified/undetermined","10/9/2020","Windham County"
41.8149948,-73.1213493,0.2,"Human","Debris and open burning","6/17/2020","Litchfield County"
41.86664,-73.065406,0.1,"Missing data/not specified/undetermined","Missing data/not specified/undetermined","9/12/2020","Litchfield County"
41.34441,-72.49488,1.5,"Missing data/not specified/undetermined","Missing data/not specified/undetermined","9/8/2020","Middlesex County"
41.11789027,-73.3815231,0.25,"Human","Missing data/not specified/undetermined","11/20/2020","Fairfield County"
41.87386,-72.2345,1,"Missing data/not specified/undetermined","Missing data/not specified/undetermined","4/12/2020","Tolland County"
41.80294,-72.42062,0.1,"Missing data/not specified/undetermined","Missing data/not specified/undetermined","3/8/2020","Tolland County"
41.54217,-72.1374,0.1,"Missing data/not specified/undetermined","Missing data/not specified/undetermined","6/25/2020","New London County"
41.830049,-73.302178,0.1,"Human","Recreation and ceremony","7/27/2020","Litchfield County"
41.84103,-71.82302,0.1,"Missing data/not specified/undetermined","Missing data/not specified/undetermined","8/3/2020","Windham County"
41.76791,-73.17498,0.2,"Missing data/not specified/undetermined","Missing data/not specified/undetermined","2/29/2020","Litchfield County"
42.01516,-73.29293,0.25,"Human","Recreation and ceremony","10/7/2020","Litchfield County"
41.475,-73.01348,2,"Missing data/not specified/undetermined","Missing data/not specified/undetermined","3/15/2020","New Haven County"
41.30891,-72.43495,0.1,"Human","Debris and open burning","8/5/2020","Middlesex County"
41.7927,-72.44212,0.1,"Missing data/not specified/undetermined","Missing data/not specified/undetermined","1/23/2020","Tolland County"
41.824544,-73.213961,0.1,"Human","Recreation and ceremony","6/12/2020","Litchfield County"
41.87997,-72.97063,0.1,"Human","Missing data/not specified/undetermined","11/7/2020","Litchfield County"
41.73689,-72.26541,0.2,"Missing data/not specified/undetermined","Missing data/not specified/undetermined","10/10/2020","Tolland County"
41.64904,-72.47244,0.2,"Missing data/not specified/undetermined","Missing data/not specified/undetermined","11/20/2020","Hartford County"
41.931271,-73.461484,0.25,"Human","Recreation and ceremony","10/3/2020","Litchfield County"
41.93749,-71.79899,0.2,"Missing data/not specified/undetermined","Missing data/not specified/undetermined","8/3/2020","Windham County"
41.80371857,-73.1058502,0.1,"Missing data/not specified/undetermined","Missing data/not specified/undetermined","3/9/2020","Litchfield County"
41.8607717,-73.1225136,0.1,"Human","Recreation and ceremony","5/7/2020","Litchfield County"
41.52828,-73.50237,0.1,"Human","Missing data/not specified/undetermined","7/10/2020","Fairfield County"
41.467815,-73.295629,1,"Human","Missing data/not specified/undetermined","6/27/2020","New Haven County"
41.22136,-73.18443,0.2,"Missing data/not specified/undetermined","Missing data/not specified/undetermined","4/11/2020","Fairfield County"
41.23484,-73.22573,0.1,"Missing data/not specified/undetermined","Missing data/not specified/undetermined","4/23/2020","Fairfield County"
41.23974,-73.18379,0.1,"Missing data/not specified/undetermined","Missing data/not specified/undetermined","4/28/2020","Fairfield County"
41.94377,-72.37011,0.1,"Missing data/not specified/undetermined","Missing data/not specified/undetermined","4/12/2020","Tolland County"
41.236881,-73.180265,0.1,"Missing data/not specified/undetermined","Missing data/not specified/undetermined","7/25/2020","Fairfield County"
41.26344,-73.16918,0.2,"Missing data/not specified/undetermined","Missing data/not specified/undetermined","6/13/2020","Fairfield County"
41.48908496,-72.5355792,0.1,"Human","Recreation and ceremony","12/3/2020","Middlesex County"
41.40965,-72.90379,0.1,"Missing data/not specified/undetermined","Missing data/not specified/undetermined","5/19/2020",""
41.23195,-73.15647,1,"Missing data/not specified/undetermined","Missing data/not specified/undetermined","9/17/2020","Fairfield County"
42.007366,-72.1238,1,"Human","Recreation and ceremony","10/1/2020","Tolland County"
41.81596,-72.46758,0.1,"Missing data/not specified/undetermined","Missing data/not specified/undetermined","2/24/2020","Tolland County"
41.844072,-72.435578,1,"Missing data/not specified/undetermined","Missing data/not specified/undetermined","6/9/2020","Tolland County"
41.82677,-72.49122,0.1,"Missing data/not specified/undetermined","Missing data/not specified/undetermined","6/13/2020","Tolland County"
41.28060222,-72.3042655,0.3,"Human","Missing data/not specified/undetermined","6/13/2020","New London County"
41.6693,-71.91232,0.1,"Human","Missing data/not specified/undetermined","11/10/2020","Windham County"
41.32629,-73.19596,0.5,"Missing data/not specified/undetermined","Missing data/not specified/undetermined","11/7/2020","Fairfield County"
41.69384,-73.2322,0.2,"Human","Recreation and ceremony","5/22/2020","Litchfield County"
41.50033,-73.04775,0.1,"Human","Missing data/not specified/undetermined","5/5/2020","New Haven County"
41.8341778,-73.1379039,0.2,"Human","Recreation and ceremony","7/3/2020","Litchfield County"
41.814236,-73.136201,0.1,"Human","Recreation and ceremony","7/21/2020","Litchfield County"
41.8584079,-73.0741859,0.1,"Human","Recreation and ceremony","11/13/2020","Litchfield County"
41.62411,-71.83135,3.5,"Human","Missing data/not specified/undetermined","3/8/2020","New London County"
41.12322468,-73.34049467,0.25,"Human","Missing data/not specified/undetermined","2/20/2020","Fairfield County"
41.886921,-72.284541,0.5,"Human","Recreation and ceremony","2/22/2020","Tolland County"
41.90426,-73.08835,0.1,"Missing data/not specified/undetermined","Missing data/not specified/undetermined","8/1/2020","Litchfield County"
41.9214,-73.08028,0.2,"Missing data/not specified/undetermined","Missing data/not specified/undetermined","8/6/2020","Litchfield County"
41.89294,-73.15419,0.2,"Missing data/not specified/undetermined","Missing data/not specified/undetermined","8/21/2020","Litchfield County"
41.99158,-72.04924,0.1,"Missing data/not specified/undetermined","Missing data/not specified/undetermined","3/9/2020","Windham County"
41.78282,-72.44577,0.1,"Missing data/not specified/undetermined","Missing data/not specified/undetermined","3/12/2020","Tolland County"
41.80517,-72.007856,1,"Missing data/not specified/undetermined","Missing data/not specified/undetermined","7/31/2020","Windham County"
41.953672,-72.61213,0.36,"Human","Recreation and ceremony","7/22/2020","Hartford County"
41.5583,-71.88923,0.2,"Missing data/not specified/undetermined","Missing data/not specified/undetermined","7/26/2020","New London County"
41.82953,-73.00201,0.1,"Human","Recreation and ceremony","7/26/2020","Litchfield County"
41.32611,-72.88133,0.1,"Missing data/not specified/undetermined","Missing data/not specified/undetermined","3/14/2020","New Haven County"
41.2901938,-72.28070498,0.1,"Human","Missing data/not specified/undetermined","2/24/2020","New London County"
41.70421,-72.05306,2,"Human","Missing data/not specified/undetermined","2/23/2020","Windham County"
41.40847,-72.51062,0.1,"Human","Missing data/not specified/undetermined","5/31/2020","Middlesex County"
41.5909,-72.3151,0.1,"Human","Debris and open burning","3/9/2020","New London County"
41.33379,-73.27799,2,"Missing data/not specified/undetermined","Missing data/not specified/undetermined","11/9/2020","Fairfield County"
41.92624,-73.07021,0.25,"Human","Recreation and ceremony","11/7/2020","Litchfield County"
41.77723,-73.11646,0.2,"Missing data/not specified/undetermined","Missing data/not specified/undetermined","1/2/2020","Litchfield County"
41.85967,-73.32077,0.1,"Missing data/not specified/undetermined","Missing data/not specified/undetermined","2/4/2020","Litchfield County"
41.09524,-73.4822,0.3,"Missing data/not specified/undetermined","Missing data/not specified/undetermined","4/12/2020","Fairfield County"
41.46924734,-72.7240634,0.1,"Human","Debris and open burning","7/23/2020","Middlesex County"
41.8124,-72.25065,0.2,"Missing data/not specified/undetermined","Missing data/not specified/undetermined","3/5/2020","Tolland County"
41.78863,-73.12559,1,"Human","Recreation and ceremony","5/17/2020","Litchfield County"
41.8538727,-73.1385223,0.1,"Human","Recreation and ceremony","6/6/2020","Litchfield County"
41.2267,-73.16201,0.1,"Missing data/not specified/undetermined","Missing data/not specified/undetermined","4/11/2020","Fairfield County"
41.0767,-73.521,2,"Human","Power generation/transmission/distribution","3/7/2020","Fairfield County"
41.26345,-73.23257,0.1,"Missing data/not specified/undetermined","Missing data/not specified/undetermined","5/25/2020","Fairfield County"
41.99834,-72.15194,2,"Missing data/not specified/undetermined","Missing data/not specified/undetermined","10/11/2020","Tolland County"
41.81895,-72.5006,0.1,"Missing data/not specified/undetermined","Missing data/not specified/undetermined","12/1/2020","Tolland County"
41.70209,-73.00013,0.25,"Human","Debris and open burning","10/12/2020","Litchfield County"
41.67553,-73.19663,0.5,"Missing data/not specified/undetermined","Missing data/not specified/undetermined","2/22/2020","Litchfield County"
41.8047424,-73.1120045,0.1,"Human","Missing data/not specified/undetermined","7/15/2020","Litchfield County"
41.791125,-73.1289954,0.1,"Missing data/not specified/undetermined","Missing data/not specified/undetermined","7/27/2020","Litchfield County"
41.8013334,-73.1177758,0.1,"Missing data/not specified/undetermined","Missing data/not specified/undetermined","8/20/2020","Litchfield County"
41.121673,-73.329107,1,"Human","Missing data/not specified/undetermined","2/19/2020","Fairfield County"
41.1439466,-73.36159697,0.1,"Human","Smoking","5/26/2020","Fairfield County"
41.92001,-73.05478,0.1,"Human","Recreation and ceremony","5/4/2020","Litchfield County"
41.92911,-73.05439,0.1,"Missing data/not specified/undetermined","Missing data/not specified/undetermined","9/1/2020","Litchfield County"
41.92896,-73.08151,0.1,"Human","Recreation and ceremony","11/14/2020","Litchfield County"
41.9668,-72.90388,1,"Human","Recreation and ceremony","5/24/2020","Litchfield County"
41.5485,-71.89807,0.1,"Missing data/not specified/undetermined","Missing data/not specified/undetermined","7/16/2020","New London County"
41.49048,-72.53377,0.1,"Missing data/not specified/undetermined","Missing data/not specified/undetermined","4/15/2020","Middlesex County"
41.829534,-71.884631,0.25,"Human","Recreation and ceremony","9/16/2020","Windham County"
41.59011,-72.01655,0.1,"Missing data/not specified/undetermined","Missing data/not specified/undetermined","9/19/2020","New London County"
41.76484,-73.25187,0.2,"Human","Recreation and ceremony","7/16/2020","Litchfield County"
41.38254,-72.5178,0.1,"Missing data/not specified/undetermined","Missing data/not specified/undetermined","4/11/2020","Middlesex County"
41.70452,-72.32056,0.1,"Human","Recreation and ceremony","9/25/2020","Tolland County"
41.12672994,-73.30671748,0.25,"Human","Missing data/not specified/undetermined","11/8/2020","Fairfield County"
41.224391,-73.183234,0.1,"Missing data/not specified/undetermined","Missing data/not specified/undetermined","6/26/2020","Fairfield County"
41.72365,-72.2638,0.1,"Human","Smoking","10/26/2020","Tolland County"
41.36939,-73.50377,0.5,"Human","Missing data/not specified/undetermined","2/23/2020","Fairfield County"
41.8100022,-73.1332117,0.2,"Human","Recreation and ceremony","5/8/2020","Litchfield County"
41.5478,-72.86051,0.1,"Missing data/not specified/undetermined","Missing data/not specified/undetermined","3/14/2020","Hartford County"
41.96405,-72.31542,0.25,"Missing data/not specified/undetermined","Missing data/not specified/undetermined","10/8/2020","Tolland County"
41.72054,-71.79034,0.1,"Missing data/not specified/undetermined","Missing data/not specified/undetermined","8/5/2020","Windham County"
41.29162,-73.22079,0.2,"Missing data/not specified/undetermined","Missing data/not specified/undetermined","7/5/2020","Fairfield County"
41.7847,-72.0551,0.1,"Human","Debris and open burning","5/14/2020","Windham County"
41.82677,-72.49122,0.5,"Missing data/not specified/undetermined","Missing data/not specified/undetermined","3/10/2020","Tolland County"
41.8277,-72.47622,0.1,"Missing data/not specified/undetermined","Missing data/not specified/undetermined","5/3/2020","Tolland County"
41.63347,-72.35935,0.2,"Missing data/not specified/undetermined","Missing data/not specified/undetermined","3/8/2020","Tolland County"
41.68767,-73.05306,0.1,"Human","Missing data/not specified/undetermined","5/16/2020","Litchfield County"
41.86984,-71.99354,4,"Human","Recreation and ceremony","11/11/2020","Windham County"
41.3318,-73.20689,1.5,"Missing data/not specified/undetermined","Missing data/not specified/undetermined","9/16/2020","Fairfield County"
41.46587,-73.00765,0.1,"Human","Missing data/not specified/undetermined","5/5/2020","New Haven County"
41.99077,-71.89706,2,"Missing data/not specified/undetermined","Missing data/not specified/undetermined","9/19/2020","Windham County"
41.802524,-73.1166826,0.1,"Missing data/not specified/undetermined","Missing data/not specified/undetermined","8/6/2020","Litchfield County"
41.3263,-72.48221,0.1,"Human","Missing data/not specified/undetermined","3/22/2020","Middlesex County"
41.92039,-72.26249,0.1,"Missing data/not specified/undetermined","Missing data/not specified/undetermined","6/17/2020","Tolland County"
41.94457,-73.05206,0.1,"Human","Recreation and ceremony","7/10/2020","Litchfield County"
41.95556,-72.17638,1,"Missing data/not specified/undetermined","Missing data/not specified/undetermined","3/7/2020","Windham County"
41.92447,-73.0453,0.2,"Missing data/not specified/undetermined","Missing data/not specified/undetermined","2/6/2020","Litchfield County"
41.43454,-73.06006,0.1,"Human","Missing data/not specified/undetermined","10/25/2020","New Haven County"
41.41823173,-72.5728941,0.5,"Human","Missing data/not specified/undetermined","1/14/2020","Middlesex County"
41.47506237,-72.5122118,0.1,"Human","Debris and open burning","3/14/2020","Middlesex County"
41.44226,-72.5181,0.1,"Missing data/not specified/undetermined","Missing data/not specified/undetermined","6/18/2020","Middlesex County"
41.44304752,-72.50626802,0.2,"Missing data/not specified/undetermined","Missing data/not specified/undetermined","7/25/2020","Middlesex County"
41.868621,-72.965821,0.5,"Human","Railroad operations and maintenance","8/22/2020","Litchfield County"
41.82161,-72.99996,0.1,"Human","Recreation and ceremony","9/19/2020","Litchfield County"
41.88613,-73.04237,0.1,"Human","Missing data/not specified/undetermined","11/12/2020","Litchfield County"
41.26844,-72.892507,0.1,"Human","Missing data/not specified/undetermined","5/3/2020","New Haven County"
41.7972,-72.12903,0.1,"Missing data/not specified/undetermined","Missing data/not specified/undetermined","8/13/2020","Windham County"
41.7923068,-73.1212373,0.1,"Human","Recreation and ceremony","9/20/2020","Litchfield County"
42.001285,-73.210743,2.5,"Human","Debris and open burning","5/20/2020","Litchfield County"
41.397198,-72.498242,0.5,"Missing data/not specified/undetermined","Missing data/not specified/undetermined","6/23/2020","Middlesex County"
41.41779184,-72.2835803,0.5,"Human","Missing data/not specified/undetermined","3/9/2020","New London County"
41.812972,-72.202695,4,"Missing data/not specified/undetermined","Missing data/not specified/undetermined","11/20/2020","Tolland County"
41.53348088,-72.71307707,0.1,"Human","Missing data/not specified/undetermined","3/8/2020","Middlesex County"
41.994289,-71.896946,5,"Human","Recreation and ceremony","7/27/2020","Windham County"
41.88255,-72.34868,0.2,"Human","Missing data/not specified/undetermined","3/9/2020","Tolland County"
41.91322,-72.31998,0.1,"Missing data/not specified/undetermined","Missing data/not specified/undetermined","12/21/2020","Tolland County"
41.8012033,-73.1177472,0.1,"Human","Missing data/not specified/undetermined","5/2/2020","Litchfield County"
42.02687,-72.42657,0.8,"Missing data/not specified/undetermined","Missing data/not specified/undetermined","5/19/2020","Tolland County"
41.2633,-73.20342,0.1,"Missing data/not specified/undetermined","Missing data/not specified/undetermined","4/2/2020","Fairfield County"
41.98872,-71.88764,0.1,"Human","Missing data/not specified/undetermined","10/25/2020","Windham County"
41.207052,-73.190892,0.1,"Missing data/not specified/undetermined","Missing data/not specified/undetermined","6/26/2020","Fairfield County"
41.29483,-73.24588,0.1,"Missing data/not specified/undetermined","Missing data/not specified/undetermined","6/29/2020","Fairfield County"
41.989053,-72.937261,0.2,"Human","Recreation and ceremony","7/1/2020","Hartford County"
41.78503,-73.05984,0.1,"Missing data/not specified/undetermined","Missing data/not specified/undetermined","2/29/2020","Litchfield County"
41.843938,-71.906422,0.1,"Missing data/not specified/undetermined","Missing data/not specified/undetermined","7/5/2020","Windham County"
41.3183248,-72.29933023,0.5,"Missing data/not specified/undetermined","Missing data/not specified/undetermined","11/21/2020","New London County"
41.57346,-72.60569,3,"Missing data/not specified/undetermined","Missing data/not specified/undetermined","4/15/2020","Middlesex County"
41.33796,-73.17824,0.2,"Missing data/not specified/undetermined","Missing data/not specified/undetermined","5/30/2020","Fairfield County"
41.3305,-73.19594,1.5,"Missing data/not specified/undetermined","Missing data/not specified/undetermined","9/19/2020","Fairfield County"
41.485096,-73.055504,0.1,"Human","Equipment and vehicle use","3/9/2020","New Haven County"
41.93193,-71.93124,3.5,"Missing data/not specified/undetermined","Missing data/not specified/undetermined","9/20/2020","Windham County"
41.7871474,-73.1165328,0.1,"Missing data/not specified/undetermined","Missing data/not specified/undetermined","9/13/2020","Litchfield County"
41.61202,-73.06172,1.4,"Missing data/not specified/undetermined","Missing data/not specified/undetermined","8/21/2020","Litchfield County"
41.28599882,-72.45095015,0.1,"Missing data/not specified/undetermined","Missing data/not specified/undetermined","9/22/2020","Middlesex County"
41.76499,-72.4329,0.2,"Missing data/not specified/undetermined","Missing data/not specified/undetermined","5/12/2020","Tolland County"
41.46741982,-73.39220059,0.1,"Human","Equipment and vehicle use","6/23/2020","Fairfield County"
41.48763,-72.55739,0.1,"Human","Debris and open burning","3/15/2020","Middlesex County"
41.35734558,-72.52000093,0.1,"Missing data/not specified/undetermined","Missing data/not specified/undetermined","9/18/2020","Middlesex County"
41.83958,-73.03174,0.2,"Human","Recreation and ceremony","6/8/2020","Litchfield County"
41.46623,-73.32873,0.1,"Missing data/not specified/undetermined","Missing data/not specified/undetermined","10/17/2020","Fairfield County"
41.3909305,-72.859545,0.1,"Missing data/not specified/undetermined","Missing data/not specified/undetermined","5/19/2020","New Haven County"
41.77809,-71.92169,0.1,"Human","Recreation and ceremony","9/16/2020","Windham County"
41.79242,-71.94887,0.3,"Missing data/not specified/undetermined","Missing data/not specified/undetermined","10/9/2020","Windham County"
41.9553,-73.3285,0.1,"Missing data/not specified/undetermined","Missing data/not specified/undetermined","8/14/2020","Litchfield County"
41.7096,-71.97712,0.1,"Human","Debris and open burning","8/10/2020","Windham County"
41.810612,-72.125053,1,"Missing data/not specified/undetermined","Missing data/not specified/undetermined","9/23/2020","Windham County"
41.80718,-72.12331,0.1,"Missing data/not specified/undetermined","Missing data/not specified/undetermined","12/3/2020",""
41.687204,-72.345856,1,"Human","Recreation and ceremony","5/4/2020","Tolland County"
41.8516096,-73.1392542,0.1,"Human","Missing data/not specified/undetermined","11/28/2020","Litchfield County"
41.42272,-73.29371,0.1,"Missing data/not specified/undetermined","Missing data/not specified/undetermined","11/5/2020","Fairfield County"
41.81251907,-73.11865997,0.1,"Missing data/not specified/undetermined","Missing data/not specified/undetermined","4/23/2020","Litchfield County"
41.48794,-72.43766,0.1,"Human","Missing data/not specified/undetermined","3/9/2020","Middlesex County"
41.79297,-72.23326,0.8,"Missing data/not specified/undetermined","Missing data/not specified/undetermined","11/21/2020","Tolland County"
41.55545,-72.76159,1,"Human","Missing data/not specified/undetermined","3/10/2020","New Haven County"
41.48291,-72.42848,0.1,"Missing data/not specified/undetermined","Missing data/not specified/undetermined","11/8/2020","Middlesex County"
41.90402,-72.59513,0.1,"Human","Missing data/not specified/undetermined","3/21/2020","Hartford County"
41.92575,-72.56168,0.1,"Missing data/not specified/undetermined","Missing data/not specified/undetermined","5/16/2020","Hartford County"
41.891458,-71.888905,0.1,"Missing data/not specified/undetermined","Missing data/not specified/undetermined","8/27/2020","Windham County"
41.07877,-73.521835,1,"Human","Missing data/not specified/undetermined","3/7/2020","Fairfield County"
42.003785,-71.915881,0.1,"Human","Missing data/not specified/undetermined","10/11/2020","Windham County"
41.229162,-73.185944,0.1,"Missing data/not specified/undetermined","Missing data/not specified/undetermined","6/26/2020","Fairfield County"
41.76414,-72.08205,0.2,"Missing data/not specified/undetermined","Missing data/not specified/undetermined","10/11/2020","Windham County"
41.79207,-73.07238,0.2,"Human","Missing data/not specified/undetermined","9/22/2020","Litchfield County"
41.252635,-73.21997,0.2,"Missing data/not specified/undetermined","Missing data/not specified/undetermined","9/5/2020","Fairfield County"
41.28577352,-72.27347374,0.1,"Missing data/not specified/undetermined","Missing data/not specified/undetermined","10/18/2020","New London County"
41.68176,-73.01582,0.5,"Missing data/not specified/undetermined","Missing data/not specified/undetermined","8/26/2020","Litchfield County"
41.35348,-73.23478,0.5,"Missing data/not specified/undetermined","Missing data/not specified/undetermined","5/14/2020","Fairfield County"
42.00115,-71.90026,1,"Missing data/not specified/undetermined","Missing data/not specified/undetermined","9/19/2020","Windham County"
41.8154423,-73.1115214,0.1,"Human","Debris and open burning","7/25/2020","Litchfield County"
41.34862,-72.16276,0.11,"Human","Power generation/transmission/distribution","3/1/2020","New London County"
41.8905,-73.09676,0.2,"Human","Recreation and ceremony","7/4/2020","Litchfield County"
41.92892,-73.05444,0.1,"Missing data/not specified/undetermined","Missing data/not specified/undetermined","9/7/2020","Litchfield County"
41.15483,-73.24432,3,"Missing data/not specified/undetermined","Missing data/not specified/undetermined","6/21/2020","Fairfield County"
41.64014,-72.16153,1,"Missing data/not specified/undetermined","Missing data/not specified/undetermined","6/25/2020","New London County"
42.01683,-72.84844,0.5,"Human","Power generation/transmission/distribution","6/19/2020","Hartford County"
41.83926,-71.87312,0.1,"Missing data/not specified/undetermined","Missing data/not specified/undetermined","7/29/2020","Windham County"
41.33808732,-72.55652189,0.25,"Missing data/not specified/undetermined","Missing data/not specified/undetermined","11/22/2020","Middlesex County"
41.75681,-73.17024,0.1,"Human","Equipment and vehicle use","7/28/2020","Litchfield County"
41.268703,-72.892261,0.23,"Human","Missing data/not specified/undetermined","5/3/2020","New Haven County"
41.650792,-71.995465,4.46,"Human","Missing data/not specified/undetermined","5/5/2020","Windham County"
41.85034,-72.94685,1,"Human","Missing data/not specified/undetermined","9/23/2020","Hartford County"