31.06638889,-92.67944444,0.8,"Human","Equipment and vehicle use","3/23/2019","Rapides Parish"
31.26777778,-92.69472222,0.1,"Human","Equipment and vehicle use","1/28/2019","Rapides Parish"
31.00805556,-92.615,0.1,"Human","Recreation and ceremony","1/29/2019","Rapides Parish"
31.03333333,-93.17722222,8,"Human","Firearms and explosives use","9/6/2019","Vernon Parish"
31.08444444,-92.95194444,4.8,"Human","Missing data/not specified/undetermined","11/28/2019","Vernon Parish"
31.03722222,-93.04027778,5.67,"Human","Missing data/not specified/undetermined","9/7/2019","Vernon Parish"
31.00833333,-92.93861111,20.3,"Human","Missing data/not specified/undetermined","9/18/2019","Vernon Parish"
31.01555556,-92.95055556,0.1,"Human","Arson/incendiarism","1/30/2019","Vernon Parish"
31.17194444,-92.54388889,81.3,"Natural","Natural","8/29/2019","Rapides Parish"
30.94777778,-93.18416667,7.8,"Human","Smoking","3/29/2019","Vernon Parish"
30.99944444,-93.015,10,"Human","Recreation and ceremony","12/15/2019","Vernon Parish"
31.015,-93.14055556,0.25,"Human","Firearms and explosives use","2/15/2019","Vernon Parish"
31.03222222,-93.19333333,0.1,"Human","Equipment and vehicle use","5/24/2019","Vernon Parish"
31.53972222,-92.50972222,0.35,"Human","Power generation/transmission/distribution","7/18/2019","Grant Parish"
31.02388889,-93.17388889,5.8,"Human","Missing data/not specified/undetermined","9/11/2019","Vernon Parish"
31.23805556,-92.69166667,82,"Human","Arson/incendiarism","12/4/2019","Rapides Parish"
31.06805556,-92.53916667,450,"Human","Arson/incendiarism","12/6/2019","Rapides Parish"
31.01861111,-93.14055556,40.1,"Human","Equipment and vehicle use","9/27/2019","Vernon Parish"
30.99888889,-93.01361111,0.1,"Human","Recreation and ceremony","11/19/2019","Vernon Parish"
31.63444444,-92.47722222,143.19,"Human","Power generation/transmission/distribution","3/9/2019","Grant Parish"
31.01222222,-92.98694444,0.1,"Human","Recreation and ceremony","11/7/2019","Vernon Parish"
31.00388889,-93.12833333,0.1,"Human","Recreation and ceremony","11/8/2019","Vernon Parish"
30.99861111,-93.01388889,0.1,"Human","Equipment and vehicle use","12/1/2019","Vernon Parish"
31.24722222,-92.68888889,6.2,"Human","Arson/incendiarism","3/24/2019","Rapides Parish"
31.08388889,-92.57944444,0.1,"Human","Recreation and ceremony","12/1/2019","Rapides Parish"
31.20527778,-92.605,0.1,"Human","Recreation and ceremony","2/9/2019","Rapides Parish"
31.23111111,-92.72111111,6.2,"Human","Misuse of fire by a minor","3/20/2019","Vernon Parish"
31.01972222,-93.14027778,2,"Human","Firearms and explosives use","2/11/2019","Vernon Parish"
31.01638889,-93.20972222,39,"Human","Firearms and explosives use","12/3/2019","Vernon Parish"
31.00805556,-92.95388889,1,"Human","Equipment and vehicle use","2/4/2019","Rapides Parish"
31.12138889,-93.14166667,22.4,"Human","Missing data/not specified/undetermined","2/7/2019","Vernon Parish"
31.04,-92.34,0.1,"Human","Debris and open burning","6/3/2019","Rapides Parish"
31.01,-93.07972222,2.3,"Human","Firearms and explosives use","1/31/2019","Vernon Parish"
31.19138889,-92.62166667,0.1,"Human","Recreation and ceremony","12/2/2019","Rapides Parish"
29.861322,-93.445564,298,"Natural","Natural","7/11/2019","Cameron Parish"
29.9382,-93.5487,7433,"Natural","Natural","10/7/2019","Cameron Parish"
30.281,-89.9023,0.1,"Human","Missing data/not specified/undetermined","10/25/2020","St. Tammany Parish"
30.275317,-89.983893,5,"Missing data/not specified/undetermined","Missing data/not specified/undetermined","6/15/2019","St. Tammany Parish"
30.558904,-92.484394,4,"Missing data/not specified/undetermined","Missing data/not specified/undetermined","7/23/2019","Evangeline Parish"
32.654,-92.195,0.1,"Human","Missing data/not specified/undetermined","12/24/2019","Union Parish"
29.8732,-93.4338,2.9,"Natural","Natural","4/25/2020","Cameron Parish"
30.0666,-89.827,0.1,"Human","Arson/incendiarism","4/14/2020","Orleans Parish"
30.2513,-89.7992,12.7,"Human","Arson/incendiarism","5/5/2020","St. Tammany Parish"
29.866907,-93.453197,0.1,"Missing data/not specified/undetermined","Missing data/not specified/undetermined","5/12/2020","Cameron Parish"
29.904449,-93.470937,2238.9,"Natural","Natural","7/18/2020","Cameron Parish"
29.9306,-93.4382,49.3,"Natural","Natural","8/8/2020","Cameron Parish"
29.9219,-93.7059,310.9,"Natural","Natural","8/17/2020","Cameron Parish"
30.9006,-92.6872,0.5,"Human","Arson/incendiarism","11/14/2019","Rapides Parish"
30.8761,-90.1189,5.6,"Human","Debris and open burning","12/2/2019","Washington Parish"
30.9052,-92.8069,0.75,"Human","Debris and open burning","11/20/2019","Rapides Parish"
31.2078,-93.4517,0.25,"Human","Debris and open burning","12/1/2019","Vernon Parish"
32.6001,-94.0287,1.69,"Human","Debris and open burning","11/23/2019","Caddo Parish"
30.6869,-93.2004,9.6,"Human","Debris and open burning","12/6/2019","Beauregard Parish"
32.9744,-93.9927,0.1,"Human","Missing data/not specified/undetermined","8/4/2019","Caddo Parish"
31.8446,-93.8123,1.87,"Human","Debris and open burning","9/8/2019","Sabine Parish"
31.196,-93.3039,4.43,"Human","Debris and open burning","6/9/2019","Vernon Parish"
30.5127,-93.3047,2.5,"Human","Debris and open burning","9/23/2019","Beauregard Parish"
32.437,-91.564,3.26,"Human","Other causes","9/25/2019","Richland Parish"
30.0662,-89.949,0.01,"Human","Missing data/not specified/undetermined","3/30/2019","Orleans Parish"
32.9432,-92.9808,1.2,"Human","Missing data/not specified/undetermined","9/28/2019","Claiborne Parish"
31.9432,-93.0918,27.09,"Human","Debris and open burning","3/24/2019","Natchitoches Parish"
30.6406,-92.7826,0.75,"Human","Debris and open burning","7/8/2019","Allen Parish"
30.8157,-90.7418,2.4,"Human","Missing data/not specified/undetermined","9/26/2019","St. Helena Parish"
32.436,-91.5643,12.98,"Human","Debris and open burning","9/27/2019","Richland Parish"
30.6315,-90.2761,3.34,"Human","Debris and open burning","9/29/2019","Tangipahoa Parish"
30.5684,-93.5248,13.6,"Human","Missing data/not specified/undetermined","4/22/2019","Beauregard Parish"
30.8871,-92.8866,0.95,"Human","Arson/incendiarism","2/14/2019","Vernon Parish"
32.5832,-93.0391,2.46,"Human","Debris and open burning","3/23/2019","Bienville Parish"
30.3403,-93.4855,10.3,"Human","Missing data/not specified/undetermined","9/14/2019","Calcasieu Parish"
31.9498,-93.3224,0.5,"Human","Equipment and vehicle use","9/14/2019","Red River Parish"
32.9666,-93.3608,18.58,"Human","Missing data/not specified/undetermined","9/16/2019","Webster Parish"
30.8355,-92.854,0.25,"Human","Recreation and ceremony","11/19/2019","Allen Parish"
32.0141,-93.6624,5.03,"Human","Debris and open burning","11/25/2019","De Soto Parish"
31.9596,-92.1168,7.14,"Human","Debris and open burning","11/20/2019","Caldwell Parish"
30.8333,-93.1491,56,"Human","Missing data/not specified/undetermined","12/26/2019","Beauregard Parish"
30.7527,-93.4033,1.6,"Human","Arson/incendiarism","9/7/2019","Beauregard Parish"
31.7549,-93.6484,7.25,"Human","Arson/incendiarism","9/8/2019","Sabine Parish"
30.6541,-90.6027,2.14,"Human","Missing data/not specified/undetermined","9/9/2019","Livingston Parish"
32.5755,-92.009,0.81,"Human","Misuse of fire by a minor","5/31/2019","Ouachita Parish"
31.415,-92.3163,2.2,"Human","Missing data/not specified/undetermined","6/23/2019","Rapides Parish"
31.4231,-92.8469,0.23,"Human","Arson/incendiarism","8/16/2019","Natchitoches Parish"
31.0913,-93.3693,33.4,"Human","Arson/incendiarism","7/29/2019","Vernon Parish"
30.7173,-90.625,5.39,"Human","Debris and open burning","3/12/2019","St. Helena Parish"
30.9833,-92.5331,8.54,"Human","Arson/incendiarism","3/17/2019","Rapides Parish"
30.8359,-92.8546,39,"Human","Arson/incendiarism","2/6/2019","Allen Parish"
31.135,-92.808,5.78,"Human","Debris and open burning","3/27/2019","Rapides Parish"
30.9043,-93.0924,0.7,"Human","Arson/incendiarism","5/6/2019","Vernon Parish"
30.7587,-90.6626,0.25,"Human","Missing data/not specified/undetermined","5/27/2019","St. Helena Parish"
30.6764,-90.8401,23.2,"Human","Missing data/not specified/undetermined","10/3/2019","St. Helena Parish"
32.7207,-93.935,0.8,"Human","Debris and open burning","4/3/2019","Caddo Parish"
30.8166,-92.6818,2.33,"Human","Arson/incendiarism","9/13/2019","Allen Parish"
32.3696,-93.1082,0.65,"Human","Missing data/not specified/undetermined","9/17/2019","Bienville Parish"
30.9137,-92.6042,0.5,"Human","Arson/incendiarism","2/10/2019","Rapides Parish"
29.9971,-90.045,0.01,"Human","Missing data/not specified/undetermined","3/17/2019","Orleans Parish"
32.7095,-92.6573,0.3,"Human","Debris and open burning","10/9/2019","Lincoln Parish"
31.727,-91.9259,6.05,"Human","Arson/incendiarism","11/10/2019","Catahoula Parish"
30.766,-91.019,0.29,"Human","Debris and open burning","11/19/2019","East Feliciana Parish"
30.8979,-92.8478,6.46,"Human","Arson/incendiarism","11/28/2019","Vernon Parish"
30.9321,-92.7338,0.75,"Human","Debris and open burning","12/4/2019","Rapides Parish"
30.9678,-92.7958,2.9,"Human","Debris and open burning","10/3/2019","Rapides Parish"
30.9334,-92.7669,0.75,"Human","Arson/incendiarism","12/16/2019","Rapides Parish"
29.9973,-90.098,0.01,"Human","Missing data/not specified/undetermined","4/13/2019","Orleans Parish"
31.6653,-92.1548,7.09,"Human","Debris and open burning","12/5/2019","La Salle Parish"
31.2389,-93.5412,30.49,"Human","Arson/incendiarism","9/4/2019","Vernon Parish"
32.9037,-93.8873,0.25,"Human","Missing data/not specified/undetermined","9/6/2019","Caddo Parish"
32.8629,-92.2157,0.97,"Human","Equipment and vehicle use","5/29/2019","Union Parish"
30.316,-89.917,3.3,"Human","Debris and open burning","6/30/2019","St. Tammany Parish"
30.9298,-92.7972,0.75,"Human","Arson/incendiarism","2/6/2019","Rapides Parish"
30.9869,-90.1552,0.7,"Human","Debris and open burning","9/29/2019","Washington Parish"
29.9286,-90.065,0.05,"Human","Missing data/not specified/undetermined","7/6/2019","Orleans Parish"
30.0742,-89.795,0.05,"Human","Missing data/not specified/undetermined","3/19/2019","Orleans Parish"
30.3947,-93.6732,0.25,"Human","Arson/incendiarism","1/20/2019","Calcasieu Parish"
31.066,-92.679,0.75,"Human","Arson/incendiarism","2/2/2019","Rapides Parish"
30.8988,-92.681,1.26,"Human","Arson/incendiarism","3/22/2019","Rapides Parish"
30.9054,-93.2115,5.1,"Human","Debris and open burning","3/25/2019","Vernon Parish"
31.6502,-93.7637,1.84,"Human","Missing data/not specified/undetermined","10/6/2019","Sabine Parish"
30.22,-93.35,0.01,"Human","Missing data/not specified/undetermined","7/12/2019","Calcasieu Parish"
32.0844,-92.6658,4.85,"Human","Debris and open burning","3/20/2019","Winn Parish"
30.5049,-92.9583,45.2,"Human","Missing data/not specified/undetermined","2/11/2019","Allen Parish"
30.6684,-90.8289,4.76,"Human","Debris and open burning","3/29/2019","St. Helena Parish"
32.3711,-93.2919,3.72,"Human","Missing data/not specified/undetermined","3/21/2019","Bienville Parish"
32.2627,-92.6907,26.9,"Human","Debris and open burning","3/21/2019","Jackson Parish"
32.2132,-92.6569,3.03,"Human","Debris and open burning","9/5/2019","Jackson Parish"
32.7331,-93.9372,3.58,"Human","Power generation/transmission/distribution","9/9/2019","Caddo Parish"
32.9659,-93.3558,7.9,"Human","Missing data/not specified/undetermined","9/11/2019","Webster Parish"
30.8011,-93.5439,1.1,"Human","Arson/incendiarism","2/9/2019","Beauregard Parish"
31.7224,-91.9308,6.65,"Human","Arson/incendiarism","11/10/2019","Catahoula Parish"
31.6338,-93.1747,0.1,"Human","Missing data/not specified/undetermined","12/5/2019","Natchitoches Parish"
31.8929,-92.2644,0.06,"Human","Arson/incendiarism","12/13/2019","La Salle Parish"
30.7212,-92.9702,1.9,"Human","Arson/incendiarism","12/24/2019","Allen Parish"
30.4866,-93.48,0.25,"Human","Missing data/not specified/undetermined","9/2/2019","Beauregard Parish"
30.3309,-90.7482,4.6,"Human","Arson/incendiarism","12/5/2019","Livingston Parish"
32.7478,-92.8963,0.47,"Human","Debris and open burning","11/6/2019","Claiborne Parish"
30.6995,-90.6035,2.37,"Human","Debris and open burning","12/31/2019","St. Helena Parish"
31.7547,-93.658,1.5,"Human","Smoking","8/20/2019","Sabine Parish"
32.692,-91.5705,4.71,"Human","Debris and open burning","9/1/2019","West Carroll Parish"
31.1853,-93.1069,11,"Human","Debris and open burning","3/28/2019","Vernon Parish"
30.9574,-92.769,0.5,"Human","Arson/incendiarism","8/10/2019","Rapides Parish"
32.9418,-91.3377,0.5,"Human","Debris and open burning","9/26/2019","West Carroll Parish"
31.551,-92.556,2,"Human","Missing data/not specified/undetermined","3/17/2019","Grant Parish"
30.99,-93.362,0.25,"Human","Debris and open burning","3/19/2019","Vernon Parish"
30.9223,-92.7267,1.3,"Human","Debris and open burning","3/22/2019","Rapides Parish"
30.9264,-92.7174,3.5,"Human","Arson/incendiarism","3/28/2019","Rapides Parish"
30.692,-92.8633,0.25,"Human","Arson/incendiarism","3/21/2019","Allen Parish"
31.654,-93.6137,54.55,"Human","Missing data/not specified/undetermined","4/30/2019","Sabine Parish"
30.9158,-90.4637,2.16,"Human","Arson/incendiarism","5/26/2019","Tangipahoa Parish"
30.8037,-90.3825,7.16,"Human","Arson/incendiarism","2/17/2019","Tangipahoa Parish"
30.9121,-92.607,4.41,"Human","Arson/incendiarism","3/30/2019","Rapides Parish"
30.8499,-93.3114,0.25,"Human","Missing data/not specified/undetermined","9/10/2019","Beauregard Parish"
30.6484,-90.7979,4.92,"Human","Arson/incendiarism","9/13/2019","Livingston Parish"
30.9206,-92.5961,0.75,"Human","Arson/incendiarism","2/10/2019","Rapides Parish"
31.7444,-91.924,4.19,"Human","Arson/incendiarism","11/11/2019","Catahoula Parish"
30.9675,-90.105,2.01,"Human","Debris and open burning","11/19/2019","Washington Parish"
30.9482,-92.9414,20.74,"Human","Debris and open burning","12/2/2019","Vernon Parish"
31.1086,-92.4844,1.81,"Human","Arson/incendiarism","9/29/2019","Rapides Parish"
30.4386,-90.7541,4.2,"Human","Debris and open burning","10/3/2019","Livingston Parish"
30.0371,-89.976,0.01,"Human","Missing data/not specified/undetermined","9/12/2019","Orleans Parish"
30.3026,-89.9437,0.2,"Human","Debris and open burning","12/10/2019","St. Tammany Parish"
30.745,-92.5096,1.65,"Human","Arson/incendiarism","5/29/2019","Evangeline Parish"
31.8262,-93.6168,1.21,"Human","Missing data/not specified/undetermined","6/13/2019","Sabine Parish"
30.4908,-93.4209,2.3,"Human","Debris and open burning","6/19/2019","Beauregard Parish"
32.0965,-91.72,18.12,"Human","Equipment and vehicle use","9/22/2019","Franklin Parish"
31.6013,-93.7194,7.1,"Human","Debris and open burning","8/17/2019","Sabine Parish"
32.5781,-92.3758,0.75,"Human","Smoking","8/29/2019","Ouachita Parish"
32.8559,-93.1605,1.33,"Human","Debris and open burning","9/30/2019","Claiborne Parish"
31.9222,-92.6755,0.71,"Human","Power generation/transmission/distribution","7/11/2019","Winn Parish"
31.7879,-92.7502,1.89,"Human","Arson/incendiarism","3/23/2019","Winn Parish"
30.8559,-90.2577,0.25,"Human","Arson/incendiarism","3/25/2019","Washington Parish"
30.7347,-92.8659,0.25,"Human","Arson/incendiarism","3/26/2019","Allen Parish"
30.4182,-93.6713,25.5,"Human","Arson/incendiarism","3/28/2019","Beauregard Parish"
29.9259,-90.108,0.1,"Human","Missing data/not specified/undetermined","2/28/2019","Orleans Parish"
30.9424,-89.964,0.2,"Human","Debris and open burning","10/4/2019","Washington Parish"
31.4717,-93.5999,1.64,"Human","Missing data/not specified/undetermined","3/22/2019","Sabine Parish"
30.8408,-92.8483,0.75,"Human","Arson/incendiarism","4/24/2019","Allen Parish"
30.9393,-92.8343,0.41,"Human","Arson/incendiarism","2/13/2019","Vernon Parish"
32.6158,-92.5915,0.42,"Human","Missing data/not specified/undetermined","9/5/2019","Lincoln Parish"
30.9305,-92.7316,6.6,"Human","Arson/incendiarism","9/8/2019","Rapides Parish"
31.2117,-93.3738,2.6,"Human","Debris and open burning","9/14/2019","Vernon Parish"
30.7488,-92.6712,0.8,"Human","Arson/incendiarism","9/13/2019","Allen Parish"
32.5863,-91.9723,0.45,"Human","Missing data/not specified/undetermined","9/16/2019","Ouachita Parish"
30.4764,-90.7322,1.87,"Human","Debris and open burning","9/22/2019","Livingston Parish"
30.3703,-90.3149,9.12,"Human","Missing data/not specified/undetermined","2/10/2019","Tangipahoa Parish"
31.9842,-92.1228,1.65,"Human","Debris and open burning","10/12/2019","Caldwell Parish"
30.7733,-90.6202,3.5,"Human","Debris and open burning","12/2/2019","St. Helena Parish"
30.9919,-92.7264,1.37,"Human","Debris and open burning","11/27/2019","Rapides Parish"
30.9014,-92.7178,0.75,"Human","Arson/incendiarism","12/13/2019","Rapides Parish"
30.5826,-93.6631,27.7,"Human","Missing data/not specified/undetermined","12/15/2019","Beauregard Parish"
30.343,-90.561,41.43,"Human","Arson/incendiarism","12/5/2019","Livingston Parish"
32.8734,-92.7623,2.49,"Human","Debris and open burning","11/20/2019","Claiborne Parish"
29.9722,-90.063,0.1,"Human","Missing data/not specified/undetermined","6/26/2019","Orleans Parish"
30.428,-90.4611,1.76,"Human","Debris and open burning","7/9/2019","Tangipahoa Parish"
32.7585,-94.0085,7.33,"Human","Power generation/transmission/distribution","9/17/2019","Caddo Parish"
32.398,-92.171,44.3,"Human","Debris and open burning","9/24/2019","Ouachita Parish"
30.7967,-90.373,4.8,"Human","Debris and open burning","9/25/2019","Tangipahoa Parish"
31.1673,-93.2601,0.25,"Human","Power generation/transmission/distribution","8/9/2019","Vernon Parish"
30.5087,-93.2536,7.9,"Human","Arson/incendiarism","3/6/2019","Beauregard Parish"
31.6637,-93.6117,1.26,"Human","Debris and open burning","3/18/2019","Sabine Parish"
31.5856,-93.5164,0.5,"Human","Debris and open burning","1/22/2019","Sabine Parish"
31.8217,-91.9839,3,"Human","Debris and open burning","1/28/2019","Catahoula Parish"
31.068,-93.3335,0.25,"Human","Debris and open burning","3/20/2019","Vernon Parish"
31.103,-92.6552,4.25,"Human","Arson/incendiarism","5/1/2019","Rapides Parish"
32.3821,-92.3998,6.12,"Human","Arson/incendiarism","5/7/2019","Jackson Parish"
30.955,-89.805,3.23,"Human","Debris and open burning","5/17/2019","Washington Parish"
29.9946,-90.076,0.01,"Human","Missing data/not specified/undetermined","4/13/2019","Orleans Parish"
30.5295,-92.8398,2.7,"Human","Debris and open burning","2/14/2019","Allen Parish"
30.6972,-93.5665,3.9,"Human","Arson/incendiarism","2/15/2019","Beauregard Parish"
32.5785,-92.266,10.28,"Human","Arson/incendiarism","3/23/2019","Ouachita Parish"
30.9553,-93.0404,0.75,"Human","Arson/incendiarism","4/2/2019","Vernon Parish"
32.2863,-92.3316,27.2,"Human","Debris and open burning","3/18/2019","Jackson Parish"
30.0096,-89.963,0.25,"Human","Missing data/not specified/undetermined","9/9/2019","Orleans Parish"
32.7975,-92.4549,1.43,"Human","Debris and open burning","9/2/2019","Union Parish"
30.8595,-93.5321,3.1,"Human","Missing data/not specified/undetermined","9/13/2019","Beauregard Parish"
31.2674,-93.4407,0.25,"Human","Debris and open burning","9/14/2019","Vernon Parish"
32.8921,-92.4024,16.25,"Human","Missing data/not specified/undetermined","9/13/2019","Union Parish"
32.8042,-93.9704,14.2,"Human","Power generation/transmission/distribution","9/12/2019","Caddo Parish"
30.6231,-90.5298,0.97,"Human","Debris and open burning","2/7/2019","Tangipahoa Parish"
29.9514,-90.064,0.1,"Human","Missing data/not specified/undetermined","8/7/2019","Orleans Parish"
31.1583,-93.3555,0.25,"Human","Arson/incendiarism","5/24/2019","Vernon Parish"
31.0135,-92.7081,0.25,"Human","Arson/incendiarism","10/3/2019","Rapides Parish"
29.9835,-90.077,0.01,"Human","Missing data/not specified/undetermined","2/2/2019","Orleans Parish"
30.406,-93.111,22.2,"Human","Missing data/not specified/undetermined","12/6/2019","Jefferson Davis Parish"
30.18,-93.2,0.01,"Human","Missing data/not specified/undetermined","4/10/2019","Calcasieu Parish"
31.9951,-93.2061,0.343,"Human","Debris and open burning","11/20/2019","Red River Parish"
29.9621,-90.074,0.01,"Human","Missing data/not specified/undetermined","1/10/2019","Orleans Parish"
30.8303,-92.736,0.25,"Human","Equipment and vehicle use","9/30/2019","Allen Parish"
32.5113,-92.0972,1,"Human","Missing data/not specified/undetermined","7/5/2019","Ouachita Parish"
31.7966,-93.1688,2.94,"Human","Debris and open burning","8/30/2019","Natchitoches Parish"
30.8013,-90.5153,0.77,"Human","Debris and open burning","3/23/2019","Tangipahoa Parish"
30.9288,-92.7227,0.75,"Human","Arson/incendiarism","9/26/2019","Rapides Parish"
30.848,-92.9401,0.5,"Human","Debris and open burning","9/28/2019","Allen Parish"
32.4036,-94.0369,30.65,"Human","Power generation/transmission/distribution","2/14/2019","Caddo Parish"
30.9478,-93.18,0.25,"Human","Debris and open burning","3/15/2019","Vernon Parish"
31.534,-92.5456,3.9,"Human","Missing data/not specified/undetermined","3/17/2019","Grant Parish"
30.5023,-93.6735,19.9,"Human","Arson/incendiarism","1/28/2019","Beauregard Parish"
30.8068,-92.8661,0.25,"Human","Arson/incendiarism","2/6/2019","Allen Parish"
30.8752,-90.4237,3.3,"Human","Debris and open burning","10/3/2019","Tangipahoa Parish"
30.6812,-89.9453,1.31,"Human","Debris and open burning","10/6/2019","Washington Parish"
32.0612,-93.7846,9.18,"Human","Debris and open burning","10/9/2019","De Soto Parish"
30.6834,-93.0026,2,"Human","Debris and open burning","3/19/2019","Beauregard Parish"
31.317,-93.3825,0.25,"Human","Power generation/transmission/distribution","5/15/2019","Vernon Parish"
30.4808,-93.2351,2.6,"Human","Missing data/not specified/undetermined","2/16/2019","Beauregard Parish"
31.7958,-92.4121,2.91,"Human","Debris and open burning","4/2/2019","Grant Parish"
31.6308,-93.7296,3.06,"Human","Missing data/not specified/undetermined","4/3/2019","Sabine Parish"
30.6046,-92.7744,0.1,"Human","Arson/incendiarism","4/3/2019","Allen Parish"
31.38,-92.42,0.01,"Human","Missing data/not specified/undetermined","11/8/2019","Rapides Parish"
29.9915,-90.073,0.1,"Human","Missing data/not specified/undetermined","9/11/2019","Orleans Parish"
30.9872,-90.1811,1.13,"Human","Debris and open burning","9/16/2019","Washington Parish"
32.3684,-93.435,1.2,"Human","Debris and open burning","9/13/2019","Bossier Parish"
30.77,-90.663,1,"Human","Debris and open burning","2/7/2019","St. Helena Parish"
30.7651,-90.663,6.78,"Human","Missing data/not specified/undetermined","2/9/2019","St. Helena Parish"
31.7231,-91.9257,14.5,"Human","Arson/incendiarism","11/10/2019","Catahoula Parish"
30.652,-92.747,0.5,"Human","Missing data/not specified/undetermined","11/19/2019","Allen Parish"
31.0505,-93.2816,0.25,"Human","Debris and open burning","11/21/2019","Vernon Parish"
30.925,-90.5586,6.6,"Human","Debris and open burning","10/1/2019","Tangipahoa Parish"
30.5628,-93.4988,4.7,"Human","Missing data/not specified/undetermined","12/7/2019","Beauregard Parish"
31.6312,-93.6796,1.27,"Human","Debris and open burning","11/28/2019","Sabine Parish"
32.4558,-93.8497,0.26,"Natural","Natural","8/27/2019","Caddo Parish"
31.457,-93.6276,0.77,"Human","Missing data/not specified/undetermined","9/5/2019","Sabine Parish"
30.6653,-92.74,0.25,"Human","Missing data/not specified/undetermined","7/10/2019","Allen Parish"
32.8858,-91.3659,0.5,"Human","Debris and open burning","9/25/2019","West Carroll Parish"
30.0366,-90.011,0.1,"Human","Missing data/not specified/undetermined","7/5/2019","Orleans Parish"
30.6981,-90.5786,2.73,"Human","Debris and open burning","3/20/2019","St. Helena Parish"
31.7577,-93.6434,3.46,"Human","Missing data/not specified/undetermined","8/5/2019","Sabine Parish"
32.461,-92.066,1.88,"Human","Misuse of fire by a minor","9/26/2019","Ouachita Parish"
30.8571,-90.1376,0.59,"Human","Debris and open burning","3/18/2019","Washington Parish"
30.504,-92.9599,6.6,"Human","Debris and open burning","1/22/2019","Allen Parish"
30.4405,-93.6878,15,"Human","Arson/incendiarism","3/21/2019","Beauregard Parish"
30.7525,-92.8655,1.5,"Human","Arson/incendiarism","3/26/2019","Allen Parish"
30.5254,-92.3014,0.47,"Human","Missing data/not specified/undetermined","4/21/2019","Evangeline Parish"
30.1538,-89.855,0.01,"Human","Missing data/not specified/undetermined","9/27/2019","Orleans Parish"
31.9298,-93.6468,2.83,"Human","Power generation/transmission/distribution","2/14/2019","De Soto Parish"
32.661,-93.2108,1.41,"Human","Debris and open burning","3/23/2019","Webster Parish"
32.9778,-93.2607,12.4,"Human","Debris and open burning","4/3/2019","Webster Parish"
30.5035,-92.9599,6,"Human","Arson/incendiarism","9/13/2019","Allen Parish"
31.845,-93.7812,0.9,"Human","Debris and open burning","9/14/2019","De Soto Parish"
32.89,-92.4035,6.9,"Human","Debris and open burning","9/14/2019","Union Parish"
32.4312,-93.0125,9.01,"Human","Power generation/transmission/distribution","9/14/2019","Bienville Parish"
32.8839,-92.547,2.55,"Human","Power generation/transmission/distribution","9/17/2019","Union Parish"
32.3895,-91.8507,0.5,"Human","Debris and open burning","9/20/2019","Richland Parish"
30.5844,-93.6941,2,"Human","Missing data/not specified/undetermined","2/8/2019","Beauregard Parish"
30.7576,-90.6663,6.1,"Human","Debris and open burning","2/18/2019","St. Helena Parish"
30.6875,-90.8747,1,"Human","Debris and open burning","10/10/2019","St. Helena Parish"
32.1435,-93.8764,2.2,"Human","Debris and open burning","10/23/2019","De Soto Parish"
30.7638,-90.6126,7.67,"Human","Debris and open burning","11/19/2019","St. Helena Parish"
31.7958,-93.6651,14.25,"Human","Debris and open burning","11/29/2019","Sabine Parish"
31.4921,-92.3867,0.7,"Human","Missing data/not specified/undetermined","10/3/2019","Grant Parish"
30.8006,-90.6776,0.366,"Human","Debris and open burning","10/3/2019","St. Helena Parish"
31.8865,-92.272,0.03,"Human","Arson/incendiarism","12/13/2019","La Salle Parish"
32.9959,-91.9658,0.8,"Human","Power generation/transmission/distribution","9/3/2019","Morehouse Parish"
30.7009,-90.0047,7.98,"Human","Debris and open burning","12/1/2019","Washington Parish"
32.9366,-92.5431,4.39,"Human","Debris and open burning","11/10/2019","Union Parish"
30.8269,-93.3114,0.25,"Human","Railroad operations and maintenance","9/3/2019","Beauregard Parish"
30.0288,-90.045,0.01,"Human","Missing data/not specified/undetermined","6/27/2019","Orleans Parish"
32.3731,-92.1804,4.74,"Human","Missing data/not specified/undetermined","6/1/2019","Ouachita Parish"
31.0412,-93.2496,2.4,"Human","Missing data/not specified/undetermined","6/14/2019","Vernon Parish"
31.1363,-92.8855,0.5,"Human","Debris and open burning","8/22/2019","Vernon Parish"
30.8445,-90.3605,9.48,"Human","Arson/incendiarism","1/9/2019","Tangipahoa Parish"
32.797,-93.0986,0.7,"Human","Missing data/not specified/undetermined","9/29/2019","Claiborne Parish"
30.8455,-90.8214,1.39,"Human","Debris and open burning","10/1/2019","St. Helena Parish"
32.3022,-93.992,0.6,"Human","Debris and open burning","7/25/2019","Caddo Parish"
32.4753,-93.197,1.56,"Human","Arson/incendiarism","7/28/2019","Webster Parish"
30.3751,-90.7135,4.1,"Human","Debris and open burning","9/26/2019","Livingston Parish"
31.547,-92.555,5,"Human","Missing data/not specified/undetermined","3/17/2019","Grant Parish"
31.714,-92.878,11.57,"Human","Debris and open burning","3/18/2019","Winn Parish"
30.457,-93.0485,5.8,"Human","Arson/incendiarism","3/16/2019","Allen Parish"
31.8604,-93.4913,1.13,"Human","Debris and open burning","3/21/2019","Sabine Parish"
30.5418,-92.9018,3.25,"Human","Arson/incendiarism","5/1/2019","Allen Parish"
32.6784,-93.0646,0.86,"Human","Debris and open burning","1/21/2019","Claiborne Parish"
30.9,-92.7245,6.67,"Human","Arson/incendiarism","2/18/2019","Rapides Parish"
29.9346,-90.061,0.01,"Human","Missing data/not specified/undetermined","6/2/2019","Orleans Parish"
32.2719,-92.7185,7.59,"Human","Debris and open burning","3/19/2019","Jackson Parish"
30.5065,-90.4908,0.75,"Human","Power generation/transmission/distribution","4/13/2019","Tangipahoa Parish"
32.5302,-93.1446,2.67,"Human","Debris and open burning","9/5/2019","Bienville Parish"
32.8091,-92.1743,1.32,"Human","Other causes","9/9/2019","Union Parish"
32.2674,-91.7625,0.9,"Human","Debris and open burning","9/9/2019","Franklin Parish"
32.5568,-92.4226,0.76,"Human","Debris and open burning","9/2/2019","Lincoln Parish"
32.966,-93.3573,6.84,"Human","Missing data/not specified/undetermined","9/15/2019","Webster Parish"
30.7,-92.866,1.3,"Human","Arson/incendiarism","2/8/2019","Allen Parish"
32.8547,-94.0228,6.65,"Human","Arson/incendiarism","10/3/2019","Caddo Parish"
29.9603,-90.083,0.01,"Human","Missing data/not specified/undetermined","6/19/2019","Orleans Parish"
30.9481,-90.3603,1.1,"Human","Debris and open burning","10/1/2019","Tangipahoa Parish"
30.637,-93.4613,1.77,"Human","Missing data/not specified/undetermined","10/3/2019","Beauregard Parish"
31.9806,-92.0746,0.36,"Missing data/not specified/undetermined","Missing data/not specified/undetermined","12/13/2019","Caldwell Parish"
31.9897,-92.0874,4.5,"Human","Missing data/not specified/undetermined","11/20/2019","Caldwell Parish"
30.7094,-93.4772,4.7,"Natural","Natural","8/15/2019","Beauregard Parish"
31.7951,-93.1651,9.38,"Human","Debris and open burning","8/18/2019","Natchitoches Parish"
31.4746,-92.8054,1.43,"Human","Debris and open burning","3/23/2019","Natchitoches Parish"
31.6915,-92.912,9.7,"Human","Missing data/not specified/undetermined","9/27/2019","Grant Parish"
30.8563,-90.3998,4.7,"Human","Arson/incendiarism","3/11/2019","Tangipahoa Parish"
30.634,-90.6193,5.37,"Human","Missing data/not specified/undetermined","3/19/2019","Livingston Parish"
30.8478,-90.394,1.33,"Natural","Natural","10/4/2019","Tangipahoa Parish"
31.0001,-89.9537,9.48,"Natural","Natural","10/5/2019","Washington Parish"
30.6926,-92.8633,15.3,"Human","Arson/incendiarism","3/21/2019","Allen Parish"
31.8383,-93.312,3.27,"Human","Missing data/not specified/undetermined","4/2/2019","Natchitoches Parish"
32.5177,-92.945,0.36,"Human","Debris and open burning","3/17/2019","Bienville Parish"
31.473,-92.8075,3.81,"Human","Arson/incendiarism","11/21/2019","Natchitoches Parish"
32.171,-93.0361,7.72,"Human","Equipment and vehicle use","9/7/2019","Bienville Parish"
30.8875,-92.9998,6.53,"Human","Debris and open burning","9/14/2019","Vernon Parish"
31.1049,-93.1229,1.9,"Human","Debris and open burning","9/14/2019","Vernon Parish"
32.2998,-93.9922,6.73,"Human","Debris and open burning","9/8/2019","Caddo Parish"
30.3268,-89.7714,19.5,"Human","Debris and open burning","2/9/2019","St. Tammany Parish"
31.7888,-93.623,1.57,"Human","Debris and open burning","10/19/2019","Sabine Parish"
32.3524,-93.7408,1.38,"Human","Debris and open burning","10/23/2019","Caddo Parish"
30.5744,-89.9843,5.68,"Human","Recreation and ceremony","11/18/2019","St. Tammany Parish"
30.23,-93.32,0.01,"Human","Missing data/not specified/undetermined","11/27/2019","Calcasieu Parish"
30.7376,-89.9942,2.62,"Human","Smoking","5/29/2019","Washington Parish"
30.697,-92.867,0.25,"Human","Arson/incendiarism","12/9/2019","Allen Parish"
31.4783,-92.3217,0.36,"Human","Debris and open burning","8/30/2019","Grant Parish"
31.4144,-93.3681,0.7,"Human","Debris and open burning","12/8/2019","Sabine Parish"
32.8318,-93.5105,2.96,"Human","Debris and open burning","11/21/2019","Bossier Parish"
30.7148,-92.9703,0.75,"Human","Arson/incendiarism","12/24/2019","Allen Parish"
30.356,-89.9594,5.7,"Human","Debris and open burning","5/30/2019","St. Tammany Parish"
32.8241,-92.9721,0.31,"Human","Missing data/not specified/undetermined","9/21/2019","Claiborne Parish"
30.4386,-90.7541,2.37,"Human","Debris and open burning","9/23/2019","Livingston Parish"
30.7359,-93.0454,10,"Human","Arson/incendiarism","3/21/2019","Beauregard Parish"
30.8155,-90.7415,4.9,"Human","Arson/incendiarism","9/26/2019","St. Helena Parish"
30.6315,-90.276,4.5,"Human","Debris and open burning","9/26/2019","Tangipahoa Parish"
30.9886,-90.5487,1.49,"Human","Debris and open burning","9/27/2019","Tangipahoa Parish"
32.1974,-92.1828,0.29,"Human","Equipment and vehicle use","3/18/2019","Caldwell Parish"
31.5757,-93.6657,0.17,"Human","Debris and open burning","1/22/2019","Sabine Parish"
30.428,-93.6738,0.25,"Human","Arson/incendiarism","1/20/2019","Beauregard Parish"
31.9605,-93.9038,0.78,"Human","Debris and open burning","1/28/2019","De Soto Parish"
30.6481,-90.279,10.57,"Human","Arson/incendiarism","1/30/2019","Tangipahoa Parish"
30.4258,-93.6636,21.8,"Human","Arson/incendiarism","3/24/2019","Beauregard Parish"
30.6947,-92.866,2.5,"Human","Arson/incendiarism","3/26/2019","Allen Parish"
30.6002,-93.4047,8.6,"Human","Missing data/not specified/undetermined","3/26/2019","Beauregard Parish"
31.1769,-93.4392,1.8,"Human","Arson/incendiarism","3/26/2019","Vernon Parish"
30.5133,-90.0401,9.9,"Human","Missing data/not specified/undetermined","10/5/2019","St. Tammany Parish"
31.1812,-93.1064,4.9,"Human","Debris and open burning","3/19/2019","Vernon Parish"
31.1776,-93.449,0.25,"Human","Arson/incendiarism","4/30/2019","Vernon Parish"
30.9273,-92.74,2.83,"Human","Arson/incendiarism","4/3/2019","Rapides Parish"
32.9097,-93.8877,0.1,"Human","Missing data/not specified/undetermined","6/14/2019","Caddo Parish"
32.5804,-93.5057,12.8,"Human","Debris and open burning","3/23/2019","Bossier Parish"
29.9584,-90.091,0.1,"Human","Missing data/not specified/undetermined","5/18/2019","Orleans Parish"
30.8029,-90.5176,9.6,"Human","Debris and open burning","9/12/2019","Tangipahoa Parish"
31.0664,-93.2578,0.25,"Human","Debris and open burning","9/14/2019","Vernon Parish"
30.9695,-90.7034,5.57,"Human","Missing data/not specified/undetermined","2/9/2019","St. Helena Parish"
30.7862,-93.5692,1.1,"Human","Missing data/not specified/undetermined","2/8/2019","Beauregard Parish"
30.22,-93.33,0.01,"Human","Missing data/not specified/undetermined","5/29/2019","Calcasieu Parish"
30.6267,-92.5988,3,"Human","Debris and open burning","10/14/2019","Allen Parish"
32.2509,-93.282,3.93,"Human","Missing data/not specified/undetermined","10/6/2019","Bienville Parish"
30.6442,-90.7862,11.6,"Human","Debris and open burning","12/4/2019","Livingston Parish"
30.5348,-93.5777,3.8,"Human","Arson/incendiarism","5/27/2019","Beauregard Parish"
30.7175,-92.9702,0.75,"Human","Arson/incendiarism","12/24/2019","Allen Parish"
32.9255,-93.9206,18.45,"Human","Arson/incendiarism","8/21/2019","Caddo Parish"
32.7618,-93.091,2.5,"Human","Debris and open burning","6/1/2019","Claiborne Parish"
31.1828,-93.412,4.8,"Human","Arson/incendiarism","6/4/2019","Vernon Parish"
31.4163,-92.3185,4.5,"Human","Missing data/not specified/undetermined","6/23/2019","Rapides Parish"
30.9958,-90.1237,0.71,"Human","Debris and open burning","9/25/2019","Washington Parish"
32.827,-91.422,0.1,"Human","Debris and open burning","8/30/2019","West Carroll Parish"
30.8054,-90.4749,19.03,"Human","Debris and open burning","10/1/2019","Tangipahoa Parish"
31.1988,-93.3792,9.5,"Human","Debris and open burning","3/23/2019","Vernon Parish"
30.6601,-90.6513,19.4,"Human","Missing data/not specified/undetermined","9/26/2019","St. Helena Parish"
31.1832,-93.4297,1.9,"Human","Arson/incendiarism","2/15/2019","Vernon Parish"
30.9671,-93.0033,0.66,"Human","Arson/incendiarism","3/15/2019","Vernon Parish"
30.909,-92.9287,18.1,"Human","Arson/incendiarism","1/27/2019","Vernon Parish"
30.9924,-92.7561,0.25,"Human","Arson/incendiarism","1/30/2019","Rapides Parish"
30.8579,-90.3996,14.7,"Human","Debris and open burning","3/20/2019","Tangipahoa Parish"
32.3818,-92.3965,3.41,"Human","Arson/incendiarism","5/7/2019","Jackson Parish"
30.22,-93.38,1,"Human","Missing data/not specified/undetermined","11/4/2019","Calcasieu Parish"
31.1749,-93.4407,0.33,"Human","Arson/incendiarism","3/28/2019","Vernon Parish"
31.075,-92.7518,1.12,"Human","Debris and open burning","4/2/2019","Rapides Parish"
30.4335,-89.8924,290.7,"Human","Arson/incendiarism","4/3/2019","St. Tammany Parish"
31.7821,-92.1432,0.49,"Human","Debris and open burning","3/28/2019","La Salle Parish"
32.6125,-92.7759,0.25,"Human","Missing data/not specified/undetermined","9/3/2019","Lincoln Parish"
32.3694,-93.0871,3.52,"Human","Arson/incendiarism","9/11/2019","Bienville Parish"
31.6045,-92.7889,8.5,"Human","Debris and open burning","9/22/2019","Grant Parish"
30.877,-92.889,2,"Human","Arson/incendiarism","2/7/2019","Vernon Parish"
30.0653,-89.813,0.01,"Human","Missing data/not specified/undetermined","6/13/2019","Orleans Parish"
30.5513,-93.5027,9.7,"Human","Missing data/not specified/undetermined","11/19/2019","Beauregard Parish"
31.0659,-93.3418,0.25,"Human","Arson/incendiarism","12/2/2019","Vernon Parish"
30.7845,-93.3701,3.5,"Human","Debris and open burning","12/6/2019","Beauregard Parish"
31.0963,-93.2964,0.25,"Human","Debris and open burning","9/2/2019","Vernon Parish"
30.6095,-90.5994,7.4,"Human","Arson/incendiarism","12/6/2019","Livingston Parish"
32.6161,-93.4208,13.79,"Human","Debris and open burning","11/18/2019","Webster Parish"
32.3215,-93.8189,1.82,"Human","Debris and open burning","12/5/2019","Caddo Parish"
30.9504,-90.2088,0.89,"Human","Debris and open burning","9/4/2019","Washington Parish"
32.7744,-94.0332,46.96,"Human","Missing data/not specified/undetermined","8/17/2019","Caddo Parish"
31.9603,-92.087,30.13,"Human","Equipment and vehicle use","9/7/2019","Caldwell Parish"
31.2704,-92.9776,0.25,"Human","Equipment and vehicle use","6/11/2019","Vernon Parish"
30.9333,-92.767,0.25,"Human","Railroad operations and maintenance","8/11/2019","Rapides Parish"
32.1376,-93.1134,65.25,"Human","Other causes","9/25/2019","Natchitoches Parish"
31.1328,-92.4994,0.25,"Human","Railroad operations and maintenance","8/11/2019","Rapides Parish"
30.8588,-90.4044,23.39,"Human","Debris and open burning","1/11/2019","Tangipahoa Parish"
30.8191,-90.7395,3.428,"Human","Debris and open burning","10/1/2019","St. Helena Parish"
30.9432,-89.9921,18.23,"Human","Missing data/not specified/undetermined","3/23/2019","Washington Parish"
30.9652,-90.1011,1.98,"Human","Debris and open burning","3/23/2019","Washington Parish"
32.8308,-93.7236,6.98,"Human","Debris and open burning","7/11/2019","Bossier Parish"
30.9332,-92.7406,0.75,"Human","Arson/incendiarism","1/12/2019","Rapides Parish"
30.9627,-90.1093,0.7,"Human","Smoking","3/28/2019","Washington Parish"
30.046,-89.961,0.3,"Human","Missing data/not specified/undetermined","9/27/2019","Orleans Parish"
32.09218042,-92.11634137,0.01,"Human","Debris and open burning","3/20/2019","Caldwell Parish"
31.1798,-93.3925,2.6,"Human","Arson/incendiarism","4/30/2019","Vernon Parish"
32.3624,-92.9871,0.88,"Human","Missing data/not specified/undetermined","1/28/2019","Bienville Parish"
32.2116,-92.655,4.87,"Human","Debris and open burning","9/5/2019","Jackson Parish"
31.6828,-93.7518,9.11,"Human","Arson/incendiarism","9/9/2019","Sabine Parish"
32.3707,-92.7844,15.05,"Human","Missing data/not specified/undetermined","9/1/2019","Bienville Parish"
32.7135,-93.532,61.22,"Human","Debris and open burning","9/8/2019","Bossier Parish"
32.9922,-92.4737,15.22,"Human","Smoking","9/11/2019","Union Parish"
30.3486,-89.9242,1.5,"Human","Arson/incendiarism","2/9/2019","St. Tammany Parish"
30.22,-93.34,1,"Human","Missing data/not specified/undetermined","10/1/2019","Calcasieu Parish"
31.1751,-93.4448,1.8,"Human","Other causes","11/25/2019","Vernon Parish"
30.3952,-93.6741,9.8,"Human","Missing data/not specified/undetermined","11/28/2019","Calcasieu Parish"
30.7775,-90.6126,0.25,"Human","Debris and open burning","5/29/2019","St. Helena Parish"
32.1519,-93.8772,6.9,"Human","Debris and open burning","10/1/2019","De Soto Parish"
30.3912,-93.6675,21.7,"Human","Arson/incendiarism","12/21/2019","Calcasieu Parish"
31.9687,-93.1974,6.49,"Human","Debris and open burning","12/24/2019","Natchitoches Parish"
30.15,-93.36,10,"Human","Missing data/not specified/undetermined","5/7/2019","Calcasieu Parish"
31.7495,-93.7641,5,"Human","Debris and open burning","9/4/2019","Sabine Parish"
32.8934,-92.2814,0.34,"Human","Debris and open burning","5/24/2019","Union Parish"
32.6676,-92.5535,1.3,"Human","Missing data/not specified/undetermined","9/22/2019","Lincoln Parish"
32.5689,-92.3568,1.66,"Human","Debris and open burning","9/25/2019","Ouachita Parish"
30.678,-92.733,0.25,"Human","Missing data/not specified/undetermined","9/26/2019","Allen Parish"
29.9938,-90.076,0.1,"Human","Missing data/not specified/undetermined","3/29/2019","Orleans Parish"
32.7677,-93.4259,8.41,"Human","Missing data/not specified/undetermined","9/27/2019","Webster Parish"
30.7461,-90.6448,7.69,"Human","Arson/incendiarism","10/2/2019","St. Helena Parish"
30.7654,-90.3536,11.29,"Human","Debris and open burning","3/23/2019","Tangipahoa Parish"
31.505,-93.6514,1.82,"Human","Power generation/transmission/distribution","8/7/2019","Sabine Parish"
32.2218,-93.7432,0.159,"Human","Missing data/not specified/undetermined","2/5/2019","De Soto Parish"
31.6647,-93.7193,3.33,"Human","Debris and open burning","3/28/2019","Sabine Parish"
30.7365,-93.0565,4.2,"Human","Arson/incendiarism","3/18/2019","Beauregard Parish"
29.96,-90.011,0.25,"Human","Missing data/not specified/undetermined","3/14/2019","Orleans Parish"
29.9651,-90.073,0.01,"Human","Missing data/not specified/undetermined","9/24/2019","Orleans Parish"
30.6631,-90.5786,0.426,"Human","Missing data/not specified/undetermined","3/29/2019","St. Helena Parish"
31.8363,-93.6182,15.55,"Human","Missing data/not specified/undetermined","9/15/2019","Sabine Parish"
32.9288,-93.9229,18,"Human","Missing data/not specified/undetermined","8/21/2019","Caddo Parish"
32.4679,-93.8549,20.47,"Human","Missing data/not specified/undetermined","9/8/2019","Caddo Parish"
30.9722,-90.7025,8.31,"Human","Missing data/not specified/undetermined","2/9/2019","St. Helena Parish"
30.6965,-90.5741,8.8,"Human","Missing data/not specified/undetermined","2/9/2019","St. Helena Parish"
30.9203,-92.5878,0.92,"Human","Arson/incendiarism","2/10/2019","Rapides Parish"
31.8753,-93.0119,4.96,"Human","Debris and open burning","10/13/2019","Natchitoches Parish"
31.5935,-93.5174,3.3,"Human","Missing data/not specified/undetermined","10/13/2019","Sabine Parish"
32.03,-92.9,2,"Human","Missing data/not specified/undetermined","12/23/2019","Natchitoches Parish"
30.9372,-93.3159,3.2,"Human","Debris and open burning","12/2/2019","Vernon Parish"
30.7432,-92.509,1.1,"Human","Arson/incendiarism","5/29/2019","Evangeline Parish"
30.8267,-93.3117,0.25,"Human","Railroad operations and maintenance","9/2/2019","Beauregard Parish"
31.8895,-93.0253,2.07,"Human","Debris and open burning","9/8/2019","Natchitoches Parish"
31.2011,-93.525,3.69,"Human","Missing data/not specified/undetermined","6/13/2019","Vernon Parish"
32.0103,-92.9378,1.85,"Human","Debris and open burning","9/25/2019","Natchitoches Parish"
31.6612,-92.3689,5,"Human","Missing data/not specified/undetermined","3/22/2019","Grant Parish"
31.2543,-92.7771,4.28,"Human","Missing data/not specified/undetermined","3/23/2019","Rapides Parish"
30.7375,-92.9592,0.25,"Human","Debris and open burning","3/26/2019","Allen Parish"
32.454,-92.4074,14.6,"Human","Missing data/not specified/undetermined","3/21/2019","Ouachita Parish"
30.3392,-89.9196,9.9,"Human","Debris and open burning","5/27/2019","St. Tammany Parish"
32.2914,-92.4149,0.91,"Human","Debris and open burning","3/23/2019","Jackson Parish"
31.9232,-93.7798,22.8,"Natural","Natural","9/15/2019","De Soto Parish"
31.9497,-93.2721,3.6,"Human","Debris and open burning","9/17/2019","Red River Parish"
32.497,-93.3155,0.27,"Natural","Natural","9/10/2019","Webster Parish"
32.5432,-93.3168,38.1,"Human","Missing data/not specified/undetermined","9/13/2019","Webster Parish"
32.7157,-93.7187,13.46,"Human","Missing data/not specified/undetermined","9/15/2019","Bossier Parish"
32.8923,-93.664,0.1,"Human","Debris and open burning","9/17/2019","Bossier Parish"
30.9215,-92.7015,2.3,"Human","Arson/incendiarism","11/21/2019","Rapides Parish"
32.8607,-93.9988,4,"Human","Debris and open burning","12/3/2019","Caddo Parish"
30.22,-93.37,0.01,"Human","Missing data/not specified/undetermined","7/7/2019","Calcasieu Parish"
30.75,-93.5459,0.25,"Human","Arson/incendiarism","7/12/2019","Beauregard Parish"
31.8463,-93.7811,0.89,"Human","Debris and open burning","8/7/2019","De Soto Parish"
30.9571,-92.6951,0.5,"Human","Arson/incendiarism","9/26/2019","Rapides Parish"
30.8738,-90.6245,1.3,"Human","Missing data/not specified/undetermined","1/11/2019","St. Helena Parish"
30.9404,-92.5327,0.5,"Human","Arson/incendiarism","1/15/2019","Rapides Parish"
30.4901,-90.6695,33,"Human","Missing data/not specified/undetermined","3/28/2019","Livingston Parish"
31.9152,-93.5314,0.91,"Human","Debris and open burning","10/9/2019","De Soto Parish"
29.9412,-90.035,0.01,"Human","Missing data/not specified/undetermined","7/30/2019","Orleans Parish"
30.9385,-92.8369,1.06,"Human","Arson/incendiarism","2/13/2019","Vernon Parish"
30.5135,-92.9881,12.9,"Human","Arson/incendiarism","2/14/2019","Allen Parish"
31.4166,-93.5467,0.91,"Human","Debris and open burning","4/2/2019","Sabine Parish"
32.8015,-92.1577,1.83,"Human","Debris and open burning","3/23/2019","Union Parish"
32.3925,-92.8577,7.48,"Human","Missing data/not specified/undetermined","3/23/2019","Bienville Parish"
29.9328,-90.093,0.05,"Human","Missing data/not specified/undetermined","3/21/2019","Orleans Parish"
30.62,-91.23,2,"Human","Missing data/not specified/undetermined","10/3/2019","East Baton Rouge Parish"
30.919,-90.992,17.51,"Human","Equipment and vehicle use","9/11/2019","East Feliciana Parish"
32.8065,-93.9827,0.73,"Human","Debris and open burning","9/14/2019","Caddo Parish"
32.5947,-92.5445,1.67,"Human","Arson/incendiarism","9/17/2019","Lincoln Parish"
30.5644,-93.1356,2.02,"Human","Arson/incendiarism","10/3/2020","Beauregard Parish"
30.5611,-93.1174,6.9,"Human","Debris and open burning","11/1/2020","Allen Parish"
30.4538,-93.0736,3.6,"Human","Debris and open burning","9/17/2020","Allen Parish"
30.428,-93.6785,0.39,"Human","Arson/incendiarism","11/14/2020","Beauregard Parish"
30.301,-89.7869,0.45,"Human","Arson/incendiarism","4/27/2020","St. Tammany Parish"
30.3872,-93.6608,23.3,"Human","Missing data/not specified/undetermined","7/9/2020","Calcasieu Parish"
31.4756,-92.3292,1.1,"Human","Missing data/not specified/undetermined","8/4/2020","Grant Parish"
31.2948,-93.348,7.2,"Natural","Natural","7/13/2020","Vernon Parish"
31.1704,-92.9538,10.49,"Human","Arson/incendiarism","10/2/2020","Vernon Parish"
32.7803,-92.4061,0.11,"Human","Missing data/not specified/undetermined","5/6/2020","Union Parish"
32.6562,-92.9985,2.29,"Human","Debris and open burning","2/9/2020","Claiborne Parish"
32.329,-93.074,0.22,"Human","Other causes","4/15/2020","Bienville Parish"
31.069,-92.7426,3.82,"Human","Debris and open burning","9/18/2020","Rapides Parish"
30.9923,-90.5134,3.9,"Human","Debris and open burning","4/16/2020","Tangipahoa Parish"
30.9849,-92.7984,1.36,"Human","Arson/incendiarism","8/23/2020","Rapides Parish"
30.9014,-90.6,2.25,"Human","Debris and open burning","5/31/2020","St. Helena Parish"
31.6856,-93.38,6.6,"Human","Debris and open burning","1/6/2020","Sabine Parish"
31.6368,-91.9015,1.16,"Human","Debris and open burning","8/4/2020","Catahoula Parish"
30.834,-90.0384,5.72,"Human","Debris and open burning","10/7/2020","Washington Parish"
30.8212,-92.6032,7.67,"Human","Arson/incendiarism","3/26/2020","Allen Parish"
30.7803,-90.2599,2.45,"Human","Debris and open burning","5/13/2020","Washington Parish"
30.7525,-90.7134,1.39,"Human","Debris and open burning","2/9/2020","St. Helena Parish"
30.7199,-90.5985,1.617,"Human","Debris and open burning","10/6/2020","St. Helena Parish"
30.5936,-89.8803,6.1,"Human","Debris and open burning","3/7/2020","St. Tammany Parish"
30.5865,-93.6724,10.8,"Human","Arson/incendiarism","3/14/2020","Beauregard Parish"
30.5796,-90.5494,3.57,"Human","Arson/incendiarism","5/19/2020","Tangipahoa Parish"
30.5642,-93.1251,0.5,"Human","Arson/incendiarism","1/6/2020","Allen Parish"
30.5531,-93.3944,0.25,"Human","Equipment and vehicle use","7/8/2020","Beauregard Parish"
30.5288,-92.2523,29.4,"Human","Arson/incendiarism","3/6/2020","Evangeline Parish"
30.5173,-92.9952,36.9,"Human","Arson/incendiarism","3/23/2020","Allen Parish"
30.5162,-90.8126,8.9,"Human","Debris and open burning","4/16/2020","Livingston Parish"
30.4935,-89.9659,0.82,"Human","Arson/incendiarism","4/4/2020","St. Tammany Parish"
30.4897,-89.9853,2.27,"Human","Debris and open burning","4/9/2020","St. Tammany Parish"
30.432,-93.4056,1.47,"Human","Missing data/not specified/undetermined","10/21/2020","Calcasieu Parish"
30.4025,-93.6382,3.4,"Human","Missing data/not specified/undetermined","4/27/2020","Calcasieu Parish"
30.3882,-93.6283,36.9,"Human","Arson/incendiarism","2/27/2020","Calcasieu Parish"
31.3487,-92.3445,1.3,"Human","Debris and open burning","10/21/2020","Rapides Parish"
31.2319,-93.4831,0.25,"Human","Equipment and vehicle use","2/1/2020","Vernon Parish"
31.1183,-93.3912,11.7,"Human","Debris and open burning","3/6/2020","Vernon Parish"
30.9745,-92.7452,0.75,"Human","Power generation/transmission/distribution","1/11/2020","Rapides Parish"
30.6076,-92.2184,13.63,"Human","Recreation and ceremony","7/18/2020","Evangeline Parish"
30.4996,-93.6746,4.3,"Human","Arson/incendiarism","11/2/2020","Beauregard Parish"
32.9335,-93.1736,5.66,"Human","Power generation/transmission/distribution","5/4/2020","Claiborne Parish"
32.7767,-92.8539,0.5,"Human","Debris and open burning","9/29/2020","Claiborne Parish"
32.5119,-91.5282,0.9,"Human","Debris and open burning","12/7/2020","Richland Parish"
32.2952,-92.6974,6.73,"Human","Debris and open burning","12/26/2020","Jackson Parish"
31.5661,-92.1572,0.35,"Human","Debris and open burning","8/21/2020","La Salle Parish"
31.5188,-92.1975,4.25,"Human","Debris and open burning","8/17/2020","La Salle Parish"
30.9206,-92.6362,0.25,"Human","Arson/incendiarism","9/17/2020","Rapides Parish"
32.2581,-92.796,0.37,"Human","Railroad operations and maintenance","4/9/2020","Bienville Parish"
31.799,-92.0172,5.4,"Human","Arson/incendiarism","4/15/2020","La Salle Parish"
30.851,-90.6307,0.25,"Human","Missing data/not specified/undetermined","11/2/2020","St. Helena Parish"
30.5925,-90.5249,6.71,"Human","Arson/incendiarism","11/17/2020","Tangipahoa Parish"
30.504,-90.1569,3.93,"Human","Debris and open burning","3/28/2020","St. Tammany Parish"
30.4689,-93.1921,1.2,"Human","Debris and open burning","7/19/2020","Beauregard Parish"
30.4173,-93.6652,3.2,"Human","Arson/incendiarism","11/2/2020","Beauregard Parish"
30.3799,-93.6544,3.9,"Human","Missing data/not specified/undetermined","11/20/2020","Calcasieu Parish"
31.5044,-93.6519,1.06,"Human","Power generation/transmission/distribution","4/6/2020","Sabine Parish"
31.1656,-93.267,0.75,"Human","Debris and open burning","6/20/2020","Vernon Parish"
31.1133,-92.8881,1.51,"Human","Arson/incendiarism","9/4/2020","Vernon Parish"
31.1085,-92.866,4.6,"Human","Debris and open burning","7/11/2020","Vernon Parish"
30.4173,-93.6721,0.25,"Human","Missing data/not specified/undetermined","3/1/2020","Beauregard Parish"
32.7417,-92.9606,3.1,"Human","Missing data/not specified/undetermined","4/16/2020","Claiborne Parish"
32.3303,-92.4036,2.3,"Human","Missing data/not specified/undetermined","4/11/2020","Jackson Parish"
32.3039,-92.6703,14,"Human","Debris and open burning","2/29/2020","Jackson Parish"
31.0055,-92.9572,0.25,"Human","Arson/incendiarism","8/24/2020","Vernon Parish"
31.7849,-92.6996,12.4,"Human","Debris and open burning","2/29/2020","Winn Parish"
31.7792,-91.9194,22.98,"Human","Arson/incendiarism","10/7/2020","Catahoula Parish"
30.766,-93.1839,1.14,"Human","Power generation/transmission/distribution","12/10/2020","Beauregard Parish"
30.6886,-93.0881,1.5,"Human","Debris and open burning","6/12/2020","Beauregard Parish"
30.6057,-93.6851,1.1,"Human","Arson/incendiarism","4/18/2020","Beauregard Parish"
30.5366,-90.6041,6.1,"Human","Debris and open burning","4/6/2020","Livingston Parish"
30.5041,-92.9693,41,"Human","Arson/incendiarism","10/3/2020","Allen Parish"
30.4173,-93.671,1.9,"Human","Arson/incendiarism","11/2/2020","Beauregard Parish"
30.3577,-89.9577,2.94,"Human","Recreation and ceremony","4/4/2020","St. Tammany Parish"
31.273,-93.273,6.44,"Human","Missing data/not specified/undetermined","11/17/2020","Vernon Parish"
31.2514,-93.2505,0.25,"Human","Arson/incendiarism","2/8/2020","Vernon Parish"
30.7093,-93.2419,3.2,"Human","Power generation/transmission/distribution","10/12/2020","Beauregard Parish"
30.4901,-93.4398,0.5,"Human","Missing data/not specified/undetermined","3/26/2020","Calcasieu Parish"
31.664,-93.0992,0.1,"Human","Equipment and vehicle use","6/12/2020","Natchitoches Parish"
30.5629,-92.3618,93,"Human","Missing data/not specified/undetermined","8/17/2020","Evangeline Parish"
32.4077,-92.6953,13.1,"Human","Debris and open burning","2/29/2020","Jackson Parish"
30.9846,-92.9093,9.56,"Human","Arson/incendiarism","10/5/2020","Vernon Parish"
30.9624,-92.7745,8.5,"Human","Debris and open burning","5/7/2020","Rapides Parish"
30.9129,-92.7301,0.75,"Human","Arson/incendiarism","11/5/2020","Rapides Parish"
30.897,-90.5241,1.86,"Human","Arson/incendiarism","11/17/2020","Tangipahoa Parish"
30.8965,-92.9349,0.56,"Human","Arson/incendiarism","10/15/2020","Vernon Parish"
30.8928,-92.7498,0.75,"Human","Arson/incendiarism","1/9/2020","Rapides Parish"
30.9322,-92.7354,0.71,"Human","Arson/incendiarism","3/8/2020","Rapides Parish"
32.1532,-91.6783,9.2,"Human","Arson/incendiarism","9/7/2020","Franklin Parish"
30.8129,-93.1775,6.4,"Human","Debris and open burning","9/19/2020","Beauregard Parish"
30.7688,-92.6711,0.5,"Human","Missing data/not specified/undetermined","9/18/2020","Allen Parish"
30.7225,-92.9312,0.8,"Human","Debris and open burning","9/19/2020","Allen Parish"
30.7179,-90.6432,16.25,"Human","Arson/incendiarism","5/7/2020","St. Helena Parish"
30.6159,-90.4815,1.56,"Human","Debris and open burning","11/19/2020","Tangipahoa Parish"
30.5685,-92.9215,3.6,"Human","Missing data/not specified/undetermined","6/12/2020","Allen Parish"
30.5681,-93.0505,5.12,"Human","Arson/incendiarism","10/23/2020","Allen Parish"
30.5645,-93.1192,5.97,"Human","Arson/incendiarism","10/2/2020","Allen Parish"
30.5469,-93.0694,0.53,"Human","Arson/incendiarism","10/2/2020","Allen Parish"
30.5055,-89.9645,1.84,"Human","Debris and open burning","3/25/2020","St. Tammany Parish"
30.5024,-89.9974,0.56,"Human","Misuse of fire by a minor","12/9/2020","St. Tammany Parish"
30.4116,-90.0581,3.84,"Human","Debris and open burning","3/25/2020","St. Tammany Parish"
30.9485,-92.7673,10.76,"Human","Arson/incendiarism","3/19/2020","Rapides Parish"
32.8046,-93.6841,1.02,"Human","Missing data/not specified/undetermined","8/24/2020","Bossier Parish"
30.927,-93.4112,0.26,"Human","Missing data/not specified/undetermined","7/14/2020","Vernon Parish"
30.8383,-93.488,3.2,"Human","Debris and open burning","1/8/2020","Beauregard Parish"
30.829,-90.4136,99.49,"Human","Arson/incendiarism","3/1/2020","Tangipahoa Parish"
30.8203,-89.8517,1.41,"Human","Debris and open burning","8/6/2020","Washington Parish"
30.5292,-93.5042,72.5,"Human","Missing data/not specified/undetermined","6/13/2020","Beauregard Parish"
30.4926,-93.6707,7.2,"Human","Missing data/not specified/undetermined","8/3/2020","Beauregard Parish"
30.4161,-89.8563,3.9,"Human","Arson/incendiarism","3/8/2020","St. Tammany Parish"
30.308,-93.309,1.3,"Human","Debris and open burning","11/19/2020","Calcasieu Parish"
30.1652,-93.3319,1.4,"Human","Arson/incendiarism","11/18/2020","Calcasieu Parish"
31.0215,-93.205,0.25,"Human","Arson/incendiarism","3/8/2020","Vernon Parish"
30.8728,-90.7151,0.25,"Human","Debris and open burning","4/13/2020","St. Helena Parish"
32.3591,-92.4452,0.95,"Human","Debris and open burning","12/25/2020","Jackson Parish"
31.0433,-93.2918,17.4,"Human","Debris and open burning","2/29/2020","Vernon Parish"
30.9393,-90.6994,1.22,"Human","Arson/incendiarism","10/17/2020","St. Helena Parish"
31.9132,-92.4311,0.64,"Human","Smoking","11/5/2020","Winn Parish"
30.8424,-90.3651,4.75,"Human","Arson/incendiarism","11/16/2020","Tangipahoa Parish"
30.7905,-92.4973,4.45,"Human","Arson/incendiarism","3/24/2020","Evangeline Parish"
30.703,-90.7994,1.6,"Human","Debris and open burning","3/26/2020","St. Helena Parish"
30.5878,-92.9105,6.1,"Human","Missing data/not specified/undetermined","8/19/2020","Allen Parish"
30.5855,-93.6609,12.2,"Human","Arson/incendiarism","9/19/2020","Beauregard Parish"
30.5756,-92.6754,13.8,"Human","Debris and open burning","1/7/2020","Allen Parish"
30.547,-93.0736,49.7,"Human","Arson/incendiarism","10/3/2020","Allen Parish"
30.4965,-90.035,0.25,"Human","Debris and open burning","10/21/2020","St. Tammany Parish"
30.4801,-90.6414,2.11,"Human","Debris and open burning","10/17/2020","Livingston Parish"
30.4623,-93.3699,13.4,"Human","Debris and open burning","11/22/2020","Beauregard Parish"
31.1198,-92.807,10.66,"Human","Arson/incendiarism","3/19/2020","Rapides Parish"
32.428,-93.4438,0.84,"Human","Missing data/not specified/undetermined","6/19/2020","Bossier Parish"
30.8877,-90.8232,0.25,"Human","Debris and open burning","8/15/2020","St. Helena Parish"
30.886,-92.651,0.25,"Human","Debris and open burning","2/28/2020","Allen Parish"
31.9656,-93.8854,0.27,"Human","Debris and open burning","10/7/2020","De Soto Parish"
30.7987,-93.5174,4.8,"Human","Missing data/not specified/undetermined","10/21/2020","Beauregard Parish"
30.6991,-90.661,1,"Human","Missing data/not specified/undetermined","11/4/2020","St. Helena Parish"
30.6895,-92.774,18.73,"Human","Debris and open burning","8/20/2020","Allen Parish"
30.5263,-93.5103,1.15,"Human","Arson/incendiarism","6/12/2020","Beauregard Parish"
30.487,-93.309,0.5,"Human","Debris and open burning","11/22/2020","Beauregard Parish"
30.4019,-89.9256,96.1,"Human","Arson/incendiarism","10/19/2020","St. Tammany Parish"
30.3926,-90.0369,2.2,"Human","Debris and open burning","5/7/2020","St. Tammany Parish"
31.4589,-92.3378,0.4,"Human","Missing data/not specified/undetermined","8/4/2020","Grant Parish"
31.4424,-91.5625,1.92,"Human","Debris and open burning","1/9/2020","Catahoula Parish"
31.1375,-92.4839,13.5,"Human","Missing data/not specified/undetermined","6/13/2020","Rapides Parish"
30.7953,-92.6503,4.2,"Human","Arson/incendiarism","11/19/2020","Allen Parish"
30.9253,-90.0136,6.28,"Human","Debris and open burning","2/3/2020","Washington Parish"
32.5261,-93.0804,1.14,"Human","Missing data/not specified/undetermined","1/4/2020","Bienville Parish"
31.9192,-93.7669,3.68,"Human","Debris and open burning","12/26/2020","De Soto Parish"
30.5693,-90.3458,0.67,"Human","Missing data/not specified/undetermined","3/15/2020","Tangipahoa Parish"
30.5041,-93.6707,0.25,"Human","Missing data/not specified/undetermined","2/27/2020","Beauregard Parish"
30.3923,-93.6317,396,"Human","Arson/incendiarism","4/26/2020","Calcasieu Parish"
31.3501,-92.4454,1,"Human","Missing data/not specified/undetermined","5/31/2020","Rapides Parish"
31.1265,-93.3783,0.25,"Human","Debris and open burning","6/14/2020","Vernon Parish"
31.1108,-93.4315,0.25,"Human","Debris and open burning","11/12/2020","Vernon Parish"
30.4636,-93.6851,11.2,"Human","Debris and open burning","4/16/2020","Beauregard Parish"
32.4988,-92.6725,1.03,"Human","Missing data/not specified/undetermined","3/17/2020","Lincoln Parish"
31.0823,-92.7051,2.01,"Human","Arson/incendiarism","8/19/2020","Rapides Parish"
31.0386,-92.8907,0.25,"Human","Arson/incendiarism","12/28/2020","Vernon Parish"
31.0383,-92.8019,0.94,"Human","Arson/incendiarism","8/23/2020","Rapides Parish"
31.026,-92.6414,0.25,"Human","Missing data/not specified/undetermined","3/12/2020","Rapides Parish"
30.9181,-93.2639,18.59,"Human","Debris and open burning","11/18/2020","Vernon Parish"
30.8835,-93.1306,33.4,"Natural","Natural","5/21/2020","Vernon Parish"
30.8677,-93.0838,0.28,"Human","Missing data/not specified/undetermined","11/18/2020","Beauregard Parish"
31.9237,-92.2089,0.14,"Human","Power generation/transmission/distribution","10/1/2020","La Salle Parish"
31.6468,-92.819,3.2,"Human","Debris and open burning","11/20/2020","Grant Parish"
30.7773,-90.3524,1.95,"Human","Debris and open burning","6/14/2020","Tangipahoa Parish"
30.7431,-92.6984,7.02,"Human","Debris and open burning","10/4/2020","Allen Parish"
30.5202,-90.3929,14.68,"Human","Debris and open burning","3/8/2020","Tangipahoa Parish"
30.4321,-93.6849,5.72,"Human","Debris and open burning","5/6/2020","Beauregard Parish"
30.428,-93.6746,0.36,"Human","Arson/incendiarism","11/14/2020","Beauregard Parish"
30.3995,-93.6904,0.6,"Human","Missing data/not specified/undetermined","11/14/2020","Calcasieu Parish"
31.234,-93.1044,1,"Human","Arson/incendiarism","3/9/2020","Vernon Parish"
31.1596,-93.3486,0.5,"Human","Debris and open burning","4/6/2020","Vernon Parish"
31.1047,-92.6668,0.25,"Human","Arson/incendiarism","8/19/2020","Rapides Parish"
30.7611,-90.7044,5.36,"Human","Debris and open burning","3/28/2020","St. Helena Parish"
30.7338,-90.5694,2.269,"Human","Missing data/not specified/undetermined","10/7/2020","St. Helena Parish"
32.7922,-92.7771,1.4,"Human","Debris and open burning","11/17/2020","Claiborne Parish"
32.4037,-92.8523,10.2,"Human","Power generation/transmission/distribution","12/10/2020","Bienville Parish"
30.9928,-92.8963,39.2,"Human","Arson/incendiarism","3/18/2020","Vernon Parish"
30.9612,-92.8359,7,"Human","Arson/incendiarism","6/13/2020","Vernon Parish"
31.541,-92.2035,2.55,"Human","Arson/incendiarism","3/12/2020","La Salle Parish"
30.8987,-92.7424,0.5,"Human","Arson/incendiarism","1/9/2020","Rapides Parish"
31.9352,-93.6298,45.08,"Natural","Natural","12/29/2020","De Soto Parish"
30.8592,-90.4006,6.75,"Human","Debris and open burning","1/6/2020","Tangipahoa Parish"
30.8385,-92.8514,23.3,"Human","Arson/incendiarism","3/8/2020","Allen Parish"
30.7959,-93.3954,21,"Human","Missing data/not specified/undetermined","3/7/2020","Beauregard Parish"
30.7518,-93.1936,39.17,"Human","Debris and open burning","11/11/2020","Beauregard Parish"
30.6611,-93.4053,3.3,"Human","Missing data/not specified/undetermined","1/9/2020","Beauregard Parish"
30.4908,-89.9659,1,"Human","Debris and open burning","5/10/2020","St. Tammany Parish"
30.4248,-93.603,44.4,"Human","Arson/incendiarism","4/26/2020","Beauregard Parish"
30.3549,-93.5558,113,"Human","Arson/incendiarism","4/26/2020","Calcasieu Parish"
31.1189,-93.3888,0.25,"Human","Debris and open burning","2/29/2020","Vernon Parish"
31.1119,-92.8955,3.6,"Human","Arson/incendiarism","9/17/2020","Vernon Parish"
30.5271,-93.0845,3.5,"Human","Arson/incendiarism","2/29/2020","Allen Parish"
32.6184,-92.598,0.1,"Human","Debris and open burning","5/7/2020","Lincoln Parish"
32.5904,-93.1288,0.83,"Human","Missing data/not specified/undetermined","8/16/2020","Claiborne Parish"
30.9476,-90.1331,24.65,"Human","Debris and open burning","3/18/2020","Washington Parish"
31.5185,-92.2494,0.73,"Human","Misuse of fire by a minor","3/8/2020","La Salle Parish"
30.89,-92.917,0.75,"Human","Arson/incendiarism","8/24/2020","Vernon Parish"
30.7462,-93.3517,0.25,"Human","Debris and open burning","9/19/2020","Beauregard Parish"
30.6565,-89.9523,15.33,"Human","Debris and open burning","3/25/2020","St. Tammany Parish"
30.6427,-93.3697,8.6,"Human","Debris and open burning","11/4/2020","Beauregard Parish"
30.5466,-93.0729,0.68,"Human","Arson/incendiarism","10/2/2020","Allen Parish"
30.5319,-93.5759,3.98,"Human","Arson/incendiarism","12/29/2020","Beauregard Parish"
30.4593,-93.0365,13.5,"Human","Arson/incendiarism","11/23/2020","Allen Parish"
30.3335,-90.6997,0.044,"Human","Debris and open burning","11/2/2020","Livingston Parish"
30.3145,-93.6518,3,"Human","Arson/incendiarism","11/4/2020","Calcasieu Parish"
30.3888,-93.4318,3.6,"Human","Debris and open burning","10/15/2020","Calcasieu Parish"
31.1115,-92.8953,15.27,"Human","Arson/incendiarism","9/18/2020","Vernon Parish"
32.0146,-92.2183,0.1,"Human","Equipment and vehicle use","9/18/2020","Caldwell Parish"
32.6713,-93.1352,4.41,"Human","Debris and open burning","8/23/2020","Claiborne Parish"
30.9894,-93.3184,6.1,"Human","Missing data/not specified/undetermined","2/7/2020","Vernon Parish"
30.9635,-93.1227,0.25,"Human","Arson/incendiarism","4/17/2020","Vernon Parish"
30.9521,-92.9954,0.75,"Human","Arson/incendiarism","9/18/2020","Vernon Parish"
30.9204,-93.4163,3.85,"Human","Missing data/not specified/undetermined","7/14/2020","Vernon Parish"
30.8667,-92.6887,13,"Human","Missing data/not specified/undetermined","6/16/2020","Evangeline Parish"
31.9488,-92.1763,2.47,"Human","Debris and open burning","8/8/2020","Caldwell Parish"
30.8652,-93.2326,0.5,"Human","Debris and open burning","7/18/2020","Beauregard Parish"
30.8171,-92.603,16.67,"Human","Arson/incendiarism","10/26/2020","Allen Parish"
30.6649,-93.1791,0.7,"Human","Debris and open burning","9/18/2020","Beauregard Parish"
30.6564,-93.2092,0.7,"Human","Debris and open burning","6/14/2020","Beauregard Parish"
30.5646,-93.1045,13.4,"Human","Arson/incendiarism","10/3/2020","Allen Parish"
30.5633,-93.4568,2.1,"Human","Arson/incendiarism","9/19/2020","Beauregard Parish"
30.3102,-93.6601,2.56,"Human","Missing data/not specified/undetermined","10/4/2020","Calcasieu Parish"
31.2247,-93.2605,0.25,"Human","Arson/incendiarism","4/26/2020","Vernon Parish"
31.1753,-92.7557,1.02,"Human","Debris and open burning","5/7/2020","Rapides Parish"
31.092,-93.4426,0.25,"Human","Debris and open burning","11/3/2020","Vernon Parish"
31.9463,-92.1749,3.72,"Human","Debris and open burning","8/5/2020","Caldwell Parish"
32.8884,-93.6571,1.47,"Human","Debris and open burning","8/24/2020","Bossier Parish"
32.523,-93.0742,2.3,"Human","Debris and open burning","2/8/2020","Bienville Parish"
32.3608,-92.9465,0.85,"Human","Railroad operations and maintenance","4/21/2020","Bienville Parish"
31.0004,-90.0188,2.31,"Human","Arson/incendiarism","11/23/2020","Washington Parish"
30.9068,-92.7304,7.3,"Human","Arson/incendiarism","6/13/2020","Rapides Parish"
30.8854,-89.9532,7.94,"Human","Debris and open burning","3/8/2020","Washington Parish"
30.8815,-90.8241,2,"Human","Other causes","2/28/2020","St. Helena Parish"
32.1957,-92.8557,13.1,"Human","Debris and open burning","11/16/2020","Bienville Parish"
31.9636,-92.0824,2,"Human","Debris and open burning","6/20/2020","Caldwell Parish"
31.9234,-92.2092,0.27,"Human","Power generation/transmission/distribution","10/1/2020","La Salle Parish"
31.9175,-92.1514,0.62,"Human","Debris and open burning","8/19/2020","La Salle Parish"
31.9029,-93.3988,1.1,"Human","Missing data/not specified/undetermined","1/5/2020","Natchitoches Parish"
30.7965,-93.3045,1.8,"Human","Debris and open burning","10/5/2020","Beauregard Parish"
30.79,-92.8919,10.88,"Human","Arson/incendiarism","1/7/2020","Allen Parish"
30.7806,-93.3279,1.1,"Human","Debris and open burning","11/20/2020","Beauregard Parish"
30.7727,-92.643,4.45,"Human","Arson/incendiarism","7/19/2020","Allen Parish"
30.702,-92.5178,0.17,"Human","Recreation and ceremony","8/19/2020","Evangeline Parish"
30.4786,-89.9239,1.19,"Human","Debris and open burning","4/26/2020","St. Tammany Parish"
30.4543,-93.1002,0.37,"Human","Arson/incendiarism","10/21/2020","Allen Parish"
30.4207,-93.3384,80.2,"Human","Arson/incendiarism","10/2/2020","Beauregard Parish"
30.4079,-93.6855,0.79,"Human","Missing data/not specified/undetermined","11/10/2020","Beauregard Parish"
30.3958,-93.3602,1.08,"Human","Debris and open burning","9/30/2020","Calcasieu Parish"
30.395,-93.6881,2.3,"Human","Arson/incendiarism","11/2/2020","Calcasieu Parish"
31.239,-93.033,5,"Human","Debris and open burning","11/2/2020","Vernon Parish"
30.3233,-93.6852,4.2,"Human","Missing data/not specified/undetermined","3/17/2020","Calcasieu Parish"
32.2484,-92.8593,8.55,"Human","Railroad operations and maintenance","5/2/2020","Bienville Parish"
30.8444,-90.358,5.87,"Human","Arson/incendiarism","10/4/2020","Tangipahoa Parish"
30.3622,-90.004,279,"Human","Arson/incendiarism","4/15/2020","St. Tammany Parish"
32.611,-92.005,3.25,"Human","Debris and open burning","9/19/2020","Ouachita Parish"
32.5966,-93.5939,0.5,"Human","Debris and open burning","1/8/2020","Bossier Parish"
31.0313,-92.7002,10.46,"Human","Arson/incendiarism","3/8/2020","Rapides Parish"
31.0279,-93.3557,5.9,"Human","Debris and open burning","2/8/2020","Vernon Parish"
31.0144,-93.2184,0.25,"Human","Power generation/transmission/distribution","1/9/2020","Vernon Parish"
30.9009,-92.7301,0.75,"Human","Arson/incendiarism","9/18/2020","Rapides Parish"
30.8985,-92.7509,2.53,"Human","Arson/incendiarism","11/15/2020","Rapides Parish"
30.9288,-92.4454,0.88,"Human","Arson/incendiarism","11/15/2020","Evangeline Parish"
32.2249,-93.7478,2.13,"Human","Debris and open burning","3/8/2020","De Soto Parish"
31.7581,-91.8999,46.95,"Human","Misuse of fire by a minor","11/23/2020","Catahoula Parish"
30.7615,-93.1369,0.4,"Human","Arson/incendiarism","2/15/2020","Beauregard Parish"
30.7073,-93.1328,0.25,"Human","Arson/incendiarism","2/15/2020","Beauregard Parish"
30.679,-90.2371,5.92,"Human","Debris and open burning","2/29/2020","St. Tammany Parish"
30.564,-93.1206,1.05,"Human","Arson/incendiarism","10/3/2020","Allen Parish"
30.3949,-93.6731,3.4,"Human","Arson/incendiarism","11/2/2020","Calcasieu Parish"
30.3305,-90.5849,1.94,"Human","Arson/incendiarism","4/28/2020","Livingston Parish"
30.3232,-92.4191,1,"Human","Debris and open burning","11/16/2020","Acadia Parish"
31.16,-93.3431,0.25,"Human","Power generation/transmission/distribution","1/10/2020","Vernon Parish"
30.9112,-92.73,0.75,"Human","Arson/incendiarism","11/5/2020","Rapides Parish"
32.7846,-92.3391,4.34,"Human","Debris and open burning","9/20/2020","Union Parish"
32.7298,-92.6746,0.92,"Human","Missing data/not specified/undetermined","8/24/2020","Lincoln Parish"
32.6928,-93.2209,6.92,"Human","Missing data/not specified/undetermined","12/22/2020","Webster Parish"
32.3604,-92.9515,2.26,"Human","Railroad operations and maintenance","8/24/2020","Bienville Parish"
30.9896,-93.1101,0.25,"Human","Recreation and ceremony","3/8/2020","Vernon Parish"
30.8962,-92.8153,0.93,"Human","Missing data/not specified/undetermined","1/8/2020","Rapides Parish"
31.6442,-93.1356,1.71,"Human","Missing data/not specified/undetermined","8/17/2020","Natchitoches Parish"
30.866,-92.3523,1,"Human","Debris and open burning","9/2/2020","Evangeline Parish"
30.702,-93.0933,7.4,"Human","Missing data/not specified/undetermined","1/7/2020","Beauregard Parish"
30.6933,-92.8671,8.6,"Human","Arson/incendiarism","3/26/2020","Allen Parish"
30.5355,-93.6775,4.27,"Human","Missing data/not specified/undetermined","12/28/2020","Beauregard Parish"
30.3007,-89.8535,19.98,"Human","Debris and open burning","4/7/2020","St. Tammany Parish"
31.4019,-92.8646,13.65,"Human","Arson/incendiarism","11/18/2020","Rapides Parish"
31.1002,-93.364,0.25,"Human","Arson/incendiarism","5/6/2020","Vernon Parish"
30.5391,-93.558,5,"Human","Missing data/not specified/undetermined","3/25/2020","Beauregard Parish"
32.826,-93.126,2.8,"Human","Missing data/not specified/undetermined","5/8/2020","Claiborne Parish"
32.653,-91.947,29.96,"Human","Debris and open burning","9/21/2020","Ouachita Parish"
32.4309,-93.7952,9.87,"Human","Debris and open burning","11/24/2020","Caddo Parish"
31.0751,-92.7007,0.75,"Human","Debris and open burning","1/8/2020","Rapides Parish"
30.9743,-93.0737,18.7,"Natural","Natural","5/6/2020","Vernon Parish"
31.5617,-93.6681,6.2,"Human","Arson/incendiarism","5/4/2020","Sabine Parish"
30.9326,-93.0801,7.85,"Human","Arson/incendiarism","10/5/2020","Vernon Parish"
30.8553,-93.4511,1.7,"Human","Arson/incendiarism","6/11/2020","Beauregard Parish"
30.7511,-92.7351,6.4,"Human","Debris and open burning","11/13/2020","Allen Parish"
30.7361,-90.7025,1,"Human","Debris and open burning","10/5/2020","St. Helena Parish"
30.7325,-93.2628,7.6,"Human","Missing data/not specified/undetermined","6/21/2020","Beauregard Parish"
30.6585,-90.5798,4.76,"Human","Arson/incendiarism","3/25/2020","St. Helena Parish"
30.6558,-92.3192,27.64,"Human","Arson/incendiarism","8/21/2020","Evangeline Parish"
30.6246,-93.4527,1.7,"Human","Debris and open burning","2/27/2020","Beauregard Parish"
31.02933553,-93.16196648,206,"Human","Firearms and explosives use","2/29/2020","Vernon Parish"
31.02488553,-93.17617649,1,"Human","Firearms and explosives use","8/7/2020","Vernon Parish"
31.04133553,-93.17029649,16,"Missing data/not specified/undetermined","Missing data/not specified/undetermined","3/17/2020","Vernon Parish"
31.04492553,-93.16782649,20,"Human","Firearms and explosives use","11/5/2020","Vernon Parish"
31.07568554,-93.15765649,2,"Human","Firearms and explosives use","11/4/2020","Vernon Parish"
31.07610554,-93.16695649,15,"Human","Firearms and explosives use","11/2/2020","Vernon Parish"
31.08179554,-93.17754649,5,"Human","Firearms and explosives use","2/7/2020","Vernon Parish"
31.02342553,-93.17412649,80,"Human","Firearms and explosives use","11/6/2020","Vernon Parish"
31.00972753,-93.19639549,14.2,"Missing data/not specified/undetermined","Missing data/not specified/undetermined","7/4/2020","Vernon Parish"
31.02053553,-93.16587648,35,"Human","Firearms and explosives use","8/7/2020","Vernon Parish"
31.01392967,-93.17884255,8,"Natural","Natural","5/11/2020","Vernon Parish"
31.03297553,-93.17350649,20,"Human","Firearms and explosives use","2/7/2020","Vernon Parish"
31.02029876,-93.19655108,631,"Human","Firearms and explosives use","3/8/2020","Vernon Parish"
31.05397553,-93.2227465,8,"Human","Firearms and explosives use","9/11/2020","Vernon Parish"
32.12184577,-92.82932645,1,"Missing data/not specified/undetermined","Missing data/not specified/undetermined","9/7/2020","Winn Parish"
31.69959569,-92.65288638,1.88,"Missing data/not specified/undetermined","Missing data/not specified/undetermined","8/19/2020","Grant Parish"
31.56425567,-92.40529631,0.1,"Human","Debris and open burning","5/31/2020","Grant Parish"
31.56306166,-92.52695034,0.3,"Missing data/not specified/undetermined","Missing data/not specified/undetermined","12/27/2020","Grant Parish"
31.58722567,-92.50481634,1,"Human","Debris and open burning","7/23/2020","Grant Parish"
31.63667568,-92.47610633,0.26,"Human","Power generation/transmission/distribution","3/11/2020","Grant Parish"
31.42691564,-92.34429629,2,"Human","Power generation/transmission/distribution","9/9/2020","Rapides Parish"
31.43987562,-93.1356665,22,"Human","Missing data/not specified/undetermined","8/23/2020","Natchitoches Parish"
31.48127563,-92.99933646,1,"Human","Recreation and ceremony","9/19/2020","Natchitoches Parish"
31.46593564,-92.58770635,0.5,"Human","Equipment and vehicle use","12/27/2020","Grant Parish"
31.46906565,-92.33227629,2.6,"Human","Arson/incendiarism","8/4/2020","Grant Parish"
31.2628956,-92.68061637,2,"Missing data/not specified/undetermined","Missing data/not specified/undetermined","11/15/2020","Rapides Parish"
31.2589056,-92.62151635,0.1,"Human","Missing data/not specified/undetermined","2/23/2020","Rapides Parish"
31.2686556,-92.60294635,0.1,"Human","Debris and open burning","5/12/2020","Rapides Parish"
31.15985558,-92.67046636,61.14,"Missing data/not specified/undetermined","Missing data/not specified/undetermined","8/15/2020","Rapides Parish"
31.06348554,-93.12782648,1,"Human","Firearms and explosives use","11/20/2020","Vernon Parish"
31.23027559,-92.58346634,0.62,"Human","Missing data/not specified/undetermined","6/5/2020","Rapides Parish"
31.12687557,-92.63403635,0.12,"Human","Missing data/not specified/undetermined","6/8/2020","Rapides Parish"
31.07845554,-93.11824647,1,"Human","Firearms and explosives use","10/18/2020","Vernon Parish"
31.23489559,-92.70963637,214.8,"Human","Missing data/not specified/undetermined","3/4/2020","Rapides Parish"
31.23239559,-92.77599639,108,"Human","Missing data/not specified/undetermined","8/18/2020","Rapides Parish"
31.23410559,-92.60892635,0.1,"Human","Recreation and ceremony","4/4/2020","Rapides Parish"
31.03236554,-93.01290644,15,"Human","Firearms and explosives use","11/3/2020","Vernon Parish"
31.05018724,-92.58829481,23.05,"Missing data/not specified/undetermined","Missing data/not specified/undetermined","6/14/2020","Rapides Parish"
31.08084556,-92.66680636,3.4,"Human","Missing data/not specified/undetermined","8/19/2020","Rapides Parish"
31.03181484,-92.63005641,341.66,"Human","Arson/incendiarism","3/12/2020","Rapides Parish"
31.04441554,-92.90535642,206,"Missing data/not specified/undetermined","Missing data/not specified/undetermined","2/26/2020","Vernon Parish"
31.04066554,-92.92287642,6,"Human","Firearms and explosives use","10/18/2020","Vernon Parish"
31.06138554,-92.99023644,62,"Human","Firearms and explosives use","10/17/2020","Vernon Parish"
31.00038553,-93.00404644,0.1,"Missing data/not specified/undetermined","Missing data/not specified/undetermined","3/27/2020","Vernon Parish"
31.00751553,-92.95384643,23,"Human","Missing data/not specified/undetermined","8/24/2020","Vernon Parish"
31.00645553,-93.01774644,1,"Human","Firearms and explosives use","7/22/2020","Vernon Parish"
31.05315554,-93.12411648,1,"Human","Firearms and explosives use","10/6/2020","Vernon Parish"
31.06049554,-93.10829647,15,"Human","Firearms and explosives use","11/22/2020","Vernon Parish"
31.05883554,-93.09217647,50,"Human","Firearms and explosives use","11/22/2020","Vernon Parish"
31.06063554,-93.13508648,3,"Human","Firearms and explosives use","10/20/2020","Vernon Parish"
31.05936554,-93.10829647,15,"Human","Firearms and explosives use","12/10/2020","Vernon Parish"
31.07674554,-93.09245647,3,"Human","Firearms and explosives use","11/22/2020","Vernon Parish"
31.06795554,-93.13965648,4,"Human","Firearms and explosives use","11/25/2020","Vernon Parish"
31.06775554,-93.07294646,3,"Missing data/not specified/undetermined","Missing data/not specified/undetermined","3/19/2020","Vernon Parish"
31.06787554,-93.11962647,30,"Human","Firearms and explosives use","10/13/2020","Vernon Parish"
31.03006553,-93.14558648,30,"Human","Firearms and explosives use","11/6/2020","Vernon Parish"
31.06094554,-93.10336647,40,"Human","Firearms and explosives use","11/21/2020","Vernon Parish"
31.05843554,-93.09764647,15,"Human","Firearms and explosives use","11/16/2020","Vernon Parish"
31.06135554,-93.13197648,8,"Human","Firearms and explosives use","11/20/2020","Vernon Parish"
31.05313554,-93.12539648,25,"Human","Firearms and explosives use","10/6/2020","Vernon Parish"
31.06080554,-93.10384647,16,"Human","Firearms and explosives use","11/7/2020","Vernon Parish"
31.05945554,-93.10974647,20,"Human","Firearms and explosives use","11/15/2020","Vernon Parish"
31.05747554,-93.11011647,15,"Human","Firearms and explosives use","11/23/2020","Vernon Parish"
31.01568553,-93.13986648,45,"Missing data/not specified/undetermined","Missing data/not specified/undetermined","2/7/2020","Vernon Parish"
30.98703552,-93.11536647,115,"Human","Firearms and explosives use","3/8/2020","Vernon Parish"
30.98749553,-93.04972645,0.1,"Human","Firearms and explosives use","9/21/2020","Vernon Parish"
31.02295623,-93.14061176,29,"Human","Firearms and explosives use","3/19/2020","Vernon Parish"
30.98552739,-93.0371021,11,"Human","Debris and open burning","3/16/2020","Vernon Parish"
31.04304554,-93.09541647,65,"Human","Firearms and explosives use","3/16/2020","Vernon Parish"