38.86111111,-82.49472222,0.1,"Human","Debris and open burning","2/5/2019","Jackson County"
38.74888889,-82.33777778,0.21,"Human","Missing data/not specified/undetermined","3/17/2019","Gallia County"
38.46166667,-82.55722222,0.25,"Human","Debris and open burning","10/14/2019","Lawrence County"
38.58861111,-82.72305556,0.1,"Human","Recreation and ceremony","3/30/2019","Lawrence County"
38.63972222,-82.34555556,3.16,"Human","Arson/incendiarism","4/29/2019","Lawrence County"
39.50083333,-82.10888889,0.25,"Human","Power generation/transmission/distribution","5/6/2019","Athens County"
39.48472222,-81.2675,2,"Human","Power generation/transmission/distribution","3/19/2019","Washington County"
38.57583333,-82.68555556,0.1,"Human","Debris and open burning","3/14/2019","Lawrence County"
38.55666667,-82.64,0.12,"Human","Debris and open burning","3/23/2019","Lawrence County"
39.5675,-82.36805556,0.25,"Human","Missing data/not specified/undetermined","11/2/2019","Hocking County"
39.41055556,-82.33222222,1,"Human","Debris and open burning","11/11/2019","Hocking County"
39.39222222,-82.05333333,0.1,"Human","Debris and open burning","3/14/2019","Athens County"
38.56916667,-82.76527778,0.1,"Human","Equipment and vehicle use","3/27/2019","Lawrence County"
38.53694444,-82.67555556,0.1,"Human","Equipment and vehicle use","10/14/2019","Lawrence County"
38.56305556,-82.715,0.1,"Human","Debris and open burning","3/20/2019","Lawrence County"
39.54555556,-82.31361111,0.5,"Human","Debris and open burning","3/28/2019","Hocking County"
38.55861111,-82.65277778,0.2,"Human","Debris and open burning","10/15/2019","Lawrence County"
38.54138889,-82.63777778,0.22,"Human","Power generation/transmission/distribution","4/23/2019","Lawrence County"
39.39333333,-82.09527778,0.1,"Human","Debris and open burning","9/23/2019","Athens County"
38.58694444,-82.55277778,0.1,"Human","Power generation/transmission/distribution","8/6/2019","Lawrence County"
39.5275,-82.24916667,0.1,"Human","Equipment and vehicle use","4/27/2019","Hocking County"
38.53638889,-82.62527778,0.25,"Human","Debris and open burning","10/4/2019","Lawrence County"
38.77861111,-82.38638889,0.25,"Human","Debris and open burning","3/25/2019","Gallia County"
38.75305556,-82.4525,0.1,"Human","Power generation/transmission/distribution","10/4/2019","Gallia County"
38.58111111,-82.63055556,1.2,"Human","Missing data/not specified/undetermined","2/25/2019","Lawrence County"
38.65527778,-82.64472222,0.25,"Human","Equipment and vehicle use","11/29/2019","Lawrence County"
38.64111111,-82.34527778,2.65,"Human","Arson/incendiarism","4/29/2019","Lawrence County"
39.43611111,-82.17027778,0.1,"Human","Equipment and vehicle use","6/26/2019","Athens County"
39.41555556,-82.20083333,0.1,"Human","Smoking","10/4/2019","Athens County"
39.41583333,-82.2025,0.1,"Human","Debris and open burning","9/17/2019","Athens County"
38.60194444,-82.36777778,0.5,"Human","Arson/incendiarism","4/22/2019","Lawrence County"
38.80444444,-82.72861111,1,"Human","Debris and open burning","3/28/2019","Scioto County"
38.73055556,-82.69916667,0.1,"Human","Arson/incendiarism","10/24/2019","Scioto County"
39.60083333,-82.19527778,0.1,"Human","Missing data/not specified/undetermined","4/1/2019","Perry County"
38.53583333,-82.67416667,0.25,"Human","Equipment and vehicle use","10/14/2019","Lawrence County"
38.60611111,-82.36555556,5.05,"Human","Arson/incendiarism","4/22/2019","Lawrence County"
38.605,-82.55722222,0.25,"Human","Debris and open burning","10/4/2019","Lawrence County"
38.61861111,-82.36805556,7.92,"Human","Arson/incendiarism","4/29/2019","Lawrence County"
39.49305556,-81.29694444,0.1,"Human","Debris and open burning","9/26/2019","Athens County"
38.62055556,-82.37416667,5.77,"Human","Arson/incendiarism","4/29/2019","Lawrence County"
38.60138889,-82.66416667,0.1,"Human","Equipment and vehicle use","3/24/2019","Lawrence County"
39.55416667,-82.22805556,0.5,"Human","Arson/incendiarism","12/8/2019","Perry County"
39.40305556,-82.22083333,0.25,"Human","Debris and open burning","9/28/2019","Athens County"
38.58583333,-82.7175,0.1,"Human","Recreation and ceremony","11/16/2019","Lawrence County"
39.40083333,-82.28,0.1,"Human","Debris and open burning","10/29/2019","Athens County"
38.69972222,-82.46,1.4,"Human","Missing data/not specified/undetermined","4/22/2019","Gallia County"
39.51194444,-82.125,0.1,"Human","Arson/incendiarism","3/27/2019","Athens County"
39.53666667,-82.39805556,0.1,"Human","Missing data/not specified/undetermined","11/17/2019","Hocking County"
39.51361111,-82.12388889,0.1,"Human","Power generation/transmission/distribution","4/3/2019","Athens County"
38.68138889,-82.68194444,0.1,"Human","Arson/incendiarism","3/24/2019","Lawrence County"
38.61055556,-82.68888889,4.4,"Human","Missing data/not specified/undetermined","3/14/2019","Lawrence County"
38.49833333,-82.64972222,0.1,"Human","Equipment and vehicle use","10/14/2019","Lawrence County"
39.44722222,-82.39166667,0.25,"Human","Debris and open burning","10/11/2019","Hocking County"
38.61194444,-82.60916667,0.1,"Human","Recreation and ceremony","10/14/2019","Lawrence County"
38.53527778,-82.64805556,0.12,"Human","Debris and open burning","3/24/2019","Lawrence County"
39.41416667,-82.18472222,0.1,"Human","Debris and open burning","3/22/2019","Athens County"
38.53388889,-82.65611111,0.1,"Human","Debris and open burning","11/27/2019","Lawrence County"
38.58388889,-82.75055556,0.1,"Human","Arson/incendiarism","11/5/2019","Lawrence County"
39.44222222,-82.38277778,0.1,"Human","Missing data/not specified/undetermined","3/27/2019","Hocking County"
39.55111111,-82.32166667,0.1,"Human","Missing data/not specified/undetermined","11/25/2019","Perry County"
38.50416667,-82.53527778,0.25,"Human","Debris and open burning","11/25/2019","Lawrence County"
39.48555556,-82.1825,0.1,"Human","Debris and open burning","11/26/2019","Hocking County"
38.58361111,-82.75972222,5.8,"Human","Debris and open burning","4/10/2019","Scioto County"
38.62083333,-82.37472222,12.1,"Human","Arson/incendiarism","3/26/2019","Lawrence County"
39.59972222,-82.14027778,0.1,"Human","Debris and open burning","11/5/2019","Perry County"
39.5075,-82.11388889,0.1,"Human","Debris and open burning","10/12/2019","Athens County"
38.73055556,-82.68805556,0.25,"Human","Arson/incendiarism","7/15/2019","Lawrence County"
36.3142,-94.9444,43,"Human","Arson/incendiarism","3/7/2020",""
36.2783,-94.8181,2.4,"Human","Arson/incendiarism","3/8/2020",""
35.3486,-96.5758,2.7,"Human","Debris and open burning","12/17/2019",""
41.602,-83.113,0.3,"Human","Equipment and vehicle use","3/2/2019","Ottawa County"
39.196145,-82.814529,1,"Human","Debris and open burning","3/14/2019","Ross County"
38.676879,-82.254566,5,"Human","Debris and open burning","3/14/2019","Gallia County"
40.759733,-82.692151,5,"Human","Missing data/not specified/undetermined","9/27/2019","Richland County"
40.967508,-82.203758,6,"Human","Debris and open burning","7/26/2019","Ashland County"
38.605704,-82.365119,2,"Human","Debris and open burning","4/21/2019","Lawrence County"
39.044907,-81.987475,0.25,"Human","Power generation/transmission/distribution","10/1/2019","Meigs County"
41.020481,-80.687902,0.01,"Human","Recreation and ceremony","5/19/2019","Mahoning County"
40.901687,-82.213875,0.25,"Human","Missing data/not specified/undetermined","4/16/2019","Ashland County"
41.002752,-80.651099,0.01,"Human","Debris and open burning","10/7/2019","Mahoning County"
40.85336,-82.276199,0.25,"Human","Debris and open burning","9/26/2019","Ashland County"
40.935822,-82.352998,20,"Human","Missing data/not specified/undetermined","9/24/2019","Ashland County"
39.609734,-82.788601,0.01,"Human","Debris and open burning","9/21/2019","Fairfield County"
39.606772,-82.764541,0.01,"Human","Debris and open burning","8/14/2019","Fairfield County"
41.259175,-84.14705,0.1,"Human","Arson/incendiarism","4/3/2019","Henry County"
40.735491,-80.555537,2.5,"Human","Debris and open burning","3/27/2019","Columbiana County"
39.358505,-82.233155,0.1,"Human","Missing data/not specified/undetermined","3/27/2019","Athens County"
40.126332,-81.91607,20,"Human","Missing data/not specified/undetermined","3/26/2019","Muskingum County"
39.011399,-81.939248,4,"Human","Debris and open burning","3/24/2019","Meigs County"
39.609734,-82.808486,0.01,"Human","Debris and open burning","10/25/2019","Fairfield County"
40.445007,-82.332922,0.01,"Human","Debris and open burning","12/11/2019","Knox County"
39.848574,-81.724887,0.25,"Human","Debris and open burning","10/14/2019","Muskingum County"
38.78485,-83.562457,0.25,"Human","Power generation/transmission/distribution","3/14/2019","Adams County"
39.618959,-82.804531,0.01,"Human","Smoking","7/20/2019","Fairfield County"
39.615151,-82.744656,0.01,"Human","Equipment and vehicle use","4/18/2019","Fairfield County"
40.004836,-80.886921,0.5,"Human","Debris and open burning","4/9/2019","Belmont County"
40.216409,-82.177121,2,"Human","Missing data/not specified/undetermined","4/9/2019","Coshocton County"
39.610242,-82.778604,0.01,"Human","Debris and open burning","10/4/2019","Fairfield County"
39.963146,-81.9612,1,"Human","Debris and open burning","10/2/2019","Muskingum County"
39.954758,-81.930365,1,"Human","Debris and open burning","9/30/2019","Muskingum County"
39.966988,-82.026132,0.01,"Human","Equipment and vehicle use","9/28/2019","Muskingum County"
40.656715,-80.761105,3,"Human","Debris and open burning","9/12/2019","Columbiana County"
39.000076,-83.11528,0.05,"Human","Missing data/not specified/undetermined","8/9/2019","Pike County"
38.749522,-82.821567,0.1,"Human","Missing data/not specified/undetermined","8/8/2019","Scioto County"
38.4659,-82.3771,1,"Human","Missing data/not specified/undetermined","3/28/2019","Lawrence County"
40.185225,-82.329678,0.25,"Human","Equipment and vehicle use","3/27/2019","Licking County"
39.582547,-82.387275,0.5,"Human","Debris and open burning","3/20/2019","Hocking County"
41.26891,-84.104193,0.25,"Human","Debris and open burning","3/8/2019","Henry County"
40.755514,-82.709159,2,"Human","Missing data/not specified/undetermined","10/13/2019","Richland County"
39.669292,-82.057076,1.5,"Human","Other causes","4/16/2019","Perry County"
38.999976,-83.777206,1,"Human","Missing data/not specified/undetermined","5/22/2019","Brown County"
40.712442,-80.705136,0.5,"Human","Missing data/not specified/undetermined","4/13/2019","Columbiana County"
40.657652,-80.62443,0.25,"Human","Debris and open burning","4/7/2019","Columbiana County"
40.215747,-82.177485,0.2,"Human","Missing data/not specified/undetermined","9/22/2019","Coshocton County"
39.152759,-82.909355,1,"Human","Debris and open burning","9/4/2019","Pike County"
39.243415,-82.193984,0.01,"Natural","Natural","8/19/2019","Athens County"
39.326638,-82.233684,0.4,"Human","Equipment and vehicle use","4/4/2019","Athens County"
38.920587,-81.882769,2,"Human","Debris and open burning","4/2/2019","Meigs County"
38.749299,-83.685711,0.06,"Human","Debris and open burning","3/17/2019","Adams County"
40.098805,-80.74352,0.1,"Human","Debris and open burning","11/11/2019","Belmont County"
40.974235,-80.861194,6,"Human","Recreation and ceremony","11/10/2019","Mahoning County"
40.403827,-82.235741,0.1,"Human","Debris and open burning","10/20/2019","Knox County"
40.615072,-81.334597,3,"Human","Debris and open burning","3/14/2019","Tuscarawas County"
39.802749,-81.28509,0.5,"Human","Equipment and vehicle use","9/16/2019","Monroe County"
39.13359,-82.605102,3,"Human","Debris and open burning","4/22/2019","Jackson County"
39.625137,-82.748611,0.01,"Human","Debris and open burning","7/29/2019","Fairfield County"
40.513359,-81.507794,0.01,"Human","Debris and open burning","4/22/2019","Tuscarawas County"
40.239631,-82.196151,2,"Human","Equipment and vehicle use","4/9/2019","Knox County"
40.515238,-81.828177,1,"Human","Debris and open burning","10/4/2019","Holmes County"
40.11449,-82.109043,0.25,"Human","Debris and open burning","3/27/2019","Muskingum County"
39.609265,-81.632619,0.25,"Human","Debris and open burning","3/20/2019","Morgan County"
40.028748,-81.570799,0.25,"Human","Debris and open burning","3/9/2019","Guernsey County"
40.314765,-82.31207,0.1,"Human","Debris and open burning","2/28/2019","Knox County"
39.098294,-83.272371,2,"Human","Equipment and vehicle use","1/8/2019","Pike County"
39.048286,-83.284023,0.1,"Human","Power generation/transmission/distribution","1/8/2019","Pike County"
40.351944,-81.025955,11,"Human","Missing data/not specified/undetermined","4/3/2019","Harrison County"
39.35183,-82.954204,0.01,"Human","Smoking","8/17/2019","Ross County"
39.5457,-82.31304,1,"Human","Debris and open burning","3/26/2019","Hocking County"
38.912278,-82.355909,3.5,"Human","Debris and open burning","3/24/2019","Gallia County"
38.9427,-82.653425,8,"Human","Missing data/not specified/undetermined","3/16/2019","Jackson County"
40.398014,-82.257906,4,"Human","Equipment and vehicle use","11/18/2019","Knox County"
39.793139,-81.882064,0.5,"Human","Smoking","10/28/2019","Muskingum County"
39.769366,-81.288787,0.5,"Human","Equipment and vehicle use","2/27/2019","Monroe County"
41.49997,-83.967514,1,"Human","Missing data/not specified/undetermined","7/29/2019","Fulton County"
40.629333,-82.351982,0.1,"Human","Debris and open burning","4/19/2019","Richland County"
41.115929,-80.606277,1,"Human","Debris and open burning","4/18/2019","Mahoning County"
39.165941,-83.085319,0.5,"Human","Debris and open burning","4/9/2019","Pike County"
39.633344,-82.778604,0.01,"Human","Debris and open burning","8/5/2019","Fairfield County"
38.69806,-82.84737,0.1,"Human","Missing data/not specified/undetermined","3/28/2019","Scioto County"
38.545697,-82.309228,40,"Human","Arson/incendiarism","3/24/2019","Lawrence County"
39.105744,-81.961247,0.25,"Human","Missing data/not specified/undetermined","3/24/2019","Meigs County"
38.921356,-83.171069,8,"Human","Power generation/transmission/distribution","3/14/2019","Scioto County"
40.278118,-81.031688,0.02,"Human","Debris and open burning","4/4/2019","Harrison County"
40.160077,-81.093753,1,"Human","Missing data/not specified/undetermined","3/27/2019","Belmont County"
40.473241,-81.923871,0.03,"Human","Missing data/not specified/undetermined","3/26/2019","Holmes County"
38.740797,-82.844698,3,"Human","Misuse of fire by a minor","3/23/2019","Scioto County"
39.964602,-81.927297,1,"Human","Debris and open burning","3/23/2019","Muskingum County"
40.126233,-81.74973,0.05,"Human","Missing data/not specified/undetermined","3/19/2019","Muskingum County"
39.094464,-83.270461,1,"Human","Power generation/transmission/distribution","1/8/2019","Pike County"
38.73056,-82.854089,0.1,"Human","Missing data/not specified/undetermined","12/28/2019","Scioto County"
40.459063,-82.212426,0.01,"Human","Missing data/not specified/undetermined","11/17/2019","Knox County"
39.046358,-83.13862,0.1,"Human","Missing data/not specified/undetermined","10/24/2019","Pike County"
40.787498,-80.980778,0.01,"Human","Missing data/not specified/undetermined","11/22/2019","Columbiana County"
39.84471,-81.990915,1,"Human","Debris and open burning","2/28/2019","Muskingum County"
38.74924,-82.757643,1.5,"Human","Missing data/not specified/undetermined","2/27/2019","Scioto County"
38.555832,-82.478368,2,"Human","Missing data/not specified/undetermined","4/4/2019","Lawrence County"
40.002136,-81.89548,0.25,"Human","Debris and open burning","3/28/2019","Muskingum County"
39.179828,-82.015102,0.01,"Human","Debris and open burning","3/27/2019","Meigs County"
40.120922,-82.124278,0.25,"Human","Debris and open burning","3/13/2019","Muskingum County"
38.694898,-82.861736,0.1,"Human","Missing data/not specified/undetermined","3/5/2019","Scioto County"
39.633344,-82.798489,0.1,"Human","Debris and open burning","8/25/2019","Fairfield County"
39.165962,-83.257877,0.2,"Human","Recreation and ceremony","4/3/2019","Pike County"
39.125462,-81.99687,0.01,"Human","Debris and open burning","3/23/2019","Meigs County"
40.975926,-82.220849,0.25,"Human","Other causes","10/22/2019","Ashland County"
38.440471,-82.4034,0.01,"Human","Missing data/not specified/undetermined","10/15/2019","Lawrence County"
38.869602,-83.385603,0.5,"Human","Missing data/not specified/undetermined","3/14/2019","Adams County"
38.596626,-82.323577,15.2,"Human","Debris and open burning","2/27/2019","Gallia County"
38.709091,-82.848196,0.01,"Human","Debris and open burning","7/23/2019","Scioto County"
39.683917,-82.686619,0.01,"Human","Debris and open burning","6/5/2019","Fairfield County"
39.157022,-82.510474,1,"Human","Arson/incendiarism","4/24/2019","Vinton County"
40.86554,-82.169854,0.25,"Human","Equipment and vehicle use","4/11/2019","Ashland County"
38.599343,-82.75949,40,"Human","Debris and open burning","4/10/2019","Scioto County"
38.980728,-82.098698,1,"Human","Arson/incendiarism","9/27/2019","Gallia County"
40.102437,-80.961369,1.25,"Human","Debris and open burning","9/15/2019","Belmont County"
38.715638,-82.860105,0.01,"Human","Debris and open burning","3/30/2019","Scioto County"
38.710485,-82.870045,0.01,"Human","Debris and open burning","3/20/2019","Scioto County"
39.548013,-81.708171,0.1,"Human","Debris and open burning","10/2/2019","Washington County"
39.159576,-82.107533,3,"Human","Debris and open burning","3/24/2019","Meigs County"
40.332734,-82.244112,0.01,"Human","Missing data/not specified/undetermined","5/27/2019","Knox County"
39.128006,-82.210099,1,"Human","Equipment and vehicle use","5/21/2019","Meigs County"
39.540067,-82.407099,0.25,"Human","Arson/incendiarism","10/11/2019","Hocking County"
39.954698,-81.962101,1,"Human","Debris and open burning","10/10/2019","Muskingum County"
39.271476,-81.945321,1,"Human","Missing data/not specified/undetermined","10/4/2019","Athens County"
39.163254,-82.84042,1,"Human","Debris and open burning","8/30/2019","Pike County"
40.9443,-80.946359,2,"Human","Missing data/not specified/undetermined","8/29/2019","Mahoning County"
39.359384,-82.890441,0.5,"Human","Smoking","8/16/2019","Ross County"
39.32379,-82.228767,0.4,"Human","Equipment and vehicle use","4/4/2019","Athens County"
38.854945,-82.386435,0.02,"Human","Debris and open burning","3/24/2019","Gallia County"
39.689168,-82.116416,1.5,"Human","Power generation/transmission/distribution","3/14/2019","Perry County"
40.491544,-82.363498,0.01,"Human","Arson/incendiarism","12/2/2019","Knox County"
40.918596,-82.31459,1,"Human","Debris and open burning","11/21/2019","Ashland County"
39.179498,-83.024058,2,"Human","Debris and open burning","3/13/2019","Pike County"
38.5571,-82.3129,1,"Human","Debris and open burning","2/27/2019","Lawrence County"
39.107511,-82.975373,0.5,"Human","Railroad operations and maintenance","7/8/2019","Pike County"
41.26582,-80.97676,8,"Human","Debris and open burning","6/21/2019","Trumbull County"
40.483423,-82.227061,0.02,"Human","Debris and open burning","5/8/2019","Knox County"
39.603807,-82.803101,0.01,"Human","Debris and open burning","5/6/2019","Fairfield County"
39.597203,-82.09856,0.5,"Human","Equipment and vehicle use","4/11/2019","Perry County"
39.846054,-82.326538,0.25,"Human","Missing data/not specified/undetermined","4/10/2019","Perry County"
39.049686,-83.206015,0.1,"Human","Missing data/not specified/undetermined","8/9/2019","Pike County"
38.881229,-83.020565,0.25,"Human","Missing data/not specified/undetermined","8/3/2019","Scioto County"
40.482555,-82.246859,0.5,"Human","Debris and open burning","4/6/2019","Knox County"
38.968341,-81.914798,0.1,"Human","Debris and open burning","3/28/2019","Meigs County"
40.003561,-82.287725,0.5,"Human","Power generation/transmission/distribution","2/24/2019","Licking County"
39.244416,-81.909038,3,"Human","Misuse of fire by a minor","4/9/2019","Athens County"
40.124385,-81.906268,1.5,"Human","Debris and open burning","3/26/2019","Muskingum County"
39.125042,-82.126446,6,"Human","Debris and open burning","3/24/2019","Meigs County"
39.02166,-83.813855,1,"Human","Fireworks","5/19/2019","Highland County"
39.341673,-83.074548,0.4,"Human","Debris and open burning","4/17/2019","Ross County"
39.479838,-81.629078,0.25,"Human","Debris and open burning","4/7/2019","Washington County"
38.93668,-83.393028,0.25,"Human","Missing data/not specified/undetermined","9/27/2019","Adams County"
38.788527,-83.042884,40,"Human","Missing data/not specified/undetermined","4/4/2019","Scioto County"
39.920368,-81.888931,1,"Human","Debris and open burning","4/3/2019","Muskingum County"
39.888438,-81.125381,100,"Human","Missing data/not specified/undetermined","4/3/2019","Belmont County"
38.927345,-82.209848,0.5,"Human","Arson/incendiarism","3/27/2019","Gallia County"
38.976176,-82.205146,1,"Human","Debris and open burning","3/17/2019","Gallia County"
39.473306,-82.740028,1,"Human","Debris and open burning","3/11/2019","Hocking County"
39.152581,-82.909612,0.05,"Human","Debris and open burning","11/17/2019","Pike County"
39.180198,-83.013398,1,"Human","Missing data/not specified/undetermined","11/21/2019","Pike County"
38.43967,-82.41232,4,"Human","Debris and open burning","3/13/2019","Lawrence County"
38.912934,-83.485188,0.2,"Human","Equipment and vehicle use","7/20/2019","Adams County"
38.994553,-83.78095,1,"Human","Debris and open burning","7/2/2019","Brown County"
39.528376,-81.943304,0.25,"Human","Equipment and vehicle use","9/12/2019","Morgan County"
38.528596,-82.393186,0.5,"Human","Missing data/not specified/undetermined","9/9/2019","Lawrence County"
39.08707,-83.002155,1,"Human","Missing data/not specified/undetermined","8/9/2019","Pike County"
40.027072,-82.175076,0.25,"Human","Equipment and vehicle use","3/24/2019","Muskingum County"
40.208012,-82.432932,9,"Human","Missing data/not specified/undetermined","10/1/2019","Licking County"
39.126091,-82.128693,6,"Human","Debris and open burning","3/23/2019","Meigs County"
40.11328,-80.730518,1.05,"Human","Debris and open burning","4/17/2019","Belmont County"
38.922792,-83.362386,2,"Human","Missing data/not specified/undetermined","9/26/2019","Adams County"
40.14697,-81.080132,0.25,"Human","Debris and open burning","8/20/2019","Belmont County"
39.440734,-81.581185,0.25,"Human","Debris and open burning","3/24/2019","Washington County"
38.706867,-82.718932,0.5,"Human","Arson/incendiarism","3/16/2019","Scioto County"
39.288893,-82.336236,0.5,"Human","Power generation/transmission/distribution","3/14/2019","Vinton County"
40.513343,-82.326174,0.01,"Human","Arson/incendiarism","11/17/2019","Knox County"
39.416469,-82.60184,0.5,"Human","Recreation and ceremony","3/14/2019","Hocking County"
38.466259,-82.377186,1,"Human","Missing data/not specified/undetermined","2/28/2019","Lawrence County"
38.914935,-83.2042,5,"Human","Debris and open burning","5/26/2019","Scioto County"
38.849522,-83.104229,2,"Human","Debris and open burning","10/14/2019","Scioto County"
39.292428,-82.940936,1,"Human","Arson/incendiarism","4/24/2019","Ross County"
38.64069,-82.345259,0.1,"Human","Missing data/not specified/undetermined","4/21/2019","Gallia County"
39.778134,-81.139757,2,"Human","Equipment and vehicle use","9/15/2019","Monroe County"
40.25447,-81.982984,1,"Human","Missing data/not specified/undetermined","4/6/2019","Coshocton County"
39.865787,-81.759069,1,"Human","Debris and open burning","3/27/2019","Muskingum County"
40.031525,-80.886085,2,"Human","Arson/incendiarism","3/20/2019","Belmont County"
40.026279,-81.92168,1,"Human","Debris and open burning","3/20/2019","Muskingum County"
39.700558,-82.362574,0.08,"Human","Debris and open burning","3/1/2019","Perry County"
38.49288,-82.44199,2,"Human","Missing data/not specified/undetermined","1/8/2019","Lawrence County"
39.673354,-82.774539,10,"Human","Debris and open burning","10/15/2019","Fairfield County"
40.755368,-82.709461,4,"Human","Missing data/not specified/undetermined","10/13/2019","Richland County"
39.95313,-82.086921,0.1,"Human","Debris and open burning","9/1/2019","Muskingum County"
39.596965,-82.098447,0.5,"Human","Equipment and vehicle use","4/1/2019","Perry County"
40.080163,-81.262439,3,"Human","Debris and open burning","3/23/2019","Guernsey County"
38.818196,-82.192374,0.1,"Human","Missing data/not specified/undetermined","3/20/2019","Gallia County"
38.649122,-82.495925,4,"Human","Missing data/not specified/undetermined","3/10/2019","Lawrence County"
39.389112,-81.589081,1,"Human","Equipment and vehicle use","2/27/2019","Washington County"
40.854078,-80.99126,0.01,"Human","Debris and open burning","10/15/2019","Columbiana County"
39.097734,-83.470354,0.75,"Human","Debris and open burning","2/27/2019","Highland County"
38.739002,-82.829414,0.01,"Human","Fireworks","7/5/2019","Scioto County"
41.046605,-80.628678,1,"Human","Debris and open burning","5/6/2019","Mahoning County"
40.432205,-82.352285,0.01,"Human","Debris and open burning","4/20/2019","Knox County"
40.445255,-82.25635,0.1,"Human","Debris and open burning","10/3/2019","Knox County"
41.224422,-84.130696,58,"Human","Debris and open burning","4/6/2019","Henry County"
38.74185,-82.865896,0.1,"Human","Debris and open burning","3/28/2019","Scioto County"
38.883918,-82.544076,0.5,"Human","Debris and open burning","3/23/2019","Jackson County"
40.590456,-81.26615,1,"Human","Power generation/transmission/distribution","3/13/2019","Carroll County"
39.430934,-81.363595,0.25,"Human","Missing data/not specified/undetermined","3/12/2019","Washington County"
40.176724,-81.431363,2.5,"Human","Missing data/not specified/undetermined","2/28/2019","Guernsey County"
39.171427,-82.319754,2,"Human","Other causes","3/24/2019","Vinton County"
40.041164,-82.108829,0.5,"Human","Debris and open burning","3/20/2019","Muskingum County"
40.114597,-81.318764,0.1,"Human","Debris and open burning","5/9/2019","Guernsey County"
40.136155,-81.390417,0.25,"Human","Debris and open burning","9/26/2019","Guernsey County"
41.253388,-80.923335,0.1,"Human","Missing data/not specified/undetermined","3/20/2019","Trumbull County"
39.13605,-82.25373,0.5,"Human","Missing data/not specified/undetermined","3/14/2019","Meigs County"
38.912957,-83.173176,10,"Human","Missing data/not specified/undetermined","3/14/2019","Scioto County"
39.774143,-81.29215,0.5,"Human","Debris and open burning","9/15/2019","Monroe County"
39.95484,-81.93028,1,"Human","Debris and open burning","9/30/2019","Muskingum County"
39.786722,-81.526129,0.25,"Natural","Natural","9/28/2019","Noble County"
40.867091,-82.173931,0.1,"Human","Debris and open burning","9/7/2019","Ashland County"
40.780886,-80.562106,2,"Human","Debris and open burning","3/13/2019","Columbiana County"
38.505463,-82.361398,4,"Human","Missing data/not specified/undetermined","3/10/2019","Lawrence County"
41.180592,-84.137271,10,"Human","Debris and open burning","3/2/2019","Henry County"
38.936173,-83.16196,45,"Human","Missing data/not specified/undetermined","3/14/2019","Scioto County"
40.01991,-82.184111,0.5,"Human","Equipment and vehicle use","5/16/2019","Muskingum County"
40.379683,-82.293891,0.01,"Human","Equipment and vehicle use","4/15/2019","Knox County"
38.944244,-82.190011,1,"Human","Arson/incendiarism","4/14/2019","Gallia County"
40.934968,-80.826003,2,"Human","Missing data/not specified/undetermined","4/12/2019","Mahoning County"
40.234362,-81.003802,0.01,"Human","Smoking","4/7/2019","Harrison County"
39.812712,-81.61924,0.5,"Human","Debris and open burning","9/27/2019","Noble County"
39.892422,-81.185406,3,"Human","Debris and open burning","9/24/2019","Belmont County"
39.617436,-82.738613,0.1,"Human","Debris and open burning","8/31/2019","Fairfield County"
40.92311,-82.181388,0.5,"Human","Missing data/not specified/undetermined","3/27/2019","Ashland County"
38.863365,-82.386982,0.25,"Human","Debris and open burning","3/26/2019","Gallia County"
40.599288,-81.407034,0.5,"Human","Missing data/not specified/undetermined","3/23/2019","Tuscarawas County"
40.602803,-81.359602,0.25,"Human","Debris and open burning","3/20/2019","Tuscarawas County"
38.765996,-83.558324,4,"Human","Debris and open burning","2/16/2019","Adams County"
40.163053,-80.733492,1,"Human","Power generation/transmission/distribution","10/31/2019","Jefferson County"
39.7058,-82.2517,1.5,"Human","Debris and open burning","12/8/2019","Perry County"
40.4282,-82.362432,0.01,"Human","Missing data/not specified/undetermined","11/20/2019","Knox County"
40.580792,-81.940687,0.03,"Human","Missing data/not specified/undetermined","3/13/2019","Holmes County"
39.180603,-81.782177,1.5,"Human","Debris and open burning","2/26/2019","Meigs County"
41.092751,-80.563927,0.5,"Human","Debris and open burning","7/15/2019","Mahoning County"
41.216887,-80.943248,0.3,"Human","Missing data/not specified/undetermined","6/29/2019","Trumbull County"
39.233943,-81.90158,3.5,"Human","Misuse of fire by a minor","4/9/2019","Athens County"
39.819252,-81.418061,0.25,"Human","Missing data/not specified/undetermined","9/12/2019","Noble County"
39.962507,-81.958337,1,"Human","Smoking","3/28/2019","Muskingum County"
40.722113,-81.361182,5,"Human","Debris and open burning","3/26/2019","Stark County"
40.698594,-80.871165,3,"Human","Missing data/not specified/undetermined","3/20/2019","Columbiana County"
39.02837,-82.587539,5,"Human","Missing data/not specified/undetermined","3/20/2019","Jackson County"
39.854324,-82.296024,5,"Human","Missing data/not specified/undetermined","3/12/2019","Perry County"
40.123669,-81.906245,20,"Human","Missing data/not specified/undetermined","3/26/2019","Muskingum County"
39.13733,-82.372758,2.5,"Human","Equipment and vehicle use","4/4/2019","Vinton County"
39.01576,-83.159974,3,"Human","Debris and open burning","4/4/2019","Pike County"
40.79622,-80.61288,1,"Human","Debris and open burning","3/27/2019","Columbiana County"
40.769352,-80.61912,0.1,"Human","Debris and open burning","3/27/2019","Columbiana County"
38.77194,-83.406835,1,"Human","Debris and open burning","3/23/2019","Adams County"
38.782936,-83.559017,2,"Human","Misuse of fire by a minor","3/19/2019","Adams County"
40.394828,-81.333145,0.1,"Human","Power generation/transmission/distribution","10/17/2019","Tuscarawas County"
39.86111,-82.308546,1.5,"Human","Missing data/not specified/undetermined","2/28/2019","Perry County"
40.940774,-82.312848,0.25,"Human","Debris and open burning","9/26/2019","Ashland County"
39.062749,-82.936752,0.5,"Human","Equipment and vehicle use","7/1/2019","Pike County"
41.227023,-80.955542,0.25,"Human","Debris and open burning","6/23/2019","Trumbull County"
38.916961,-83.124378,0.05,"Human","Missing data/not specified/undetermined","4/11/2019","Scioto County"
40.082949,-81.951547,0.5,"Human","Power generation/transmission/distribution","4/9/2019","Muskingum County"
39.764598,-81.287866,1.5,"Human","Debris and open burning","9/15/2019","Monroe County"
39.15265,-82.909622,1,"Human","Debris and open burning","9/5/2019","Pike County"
39.003535,-81.775623,0.1,"Human","Debris and open burning","3/25/2019","Meigs County"
38.541606,-82.306966,15,"Human","Arson/incendiarism","3/24/2019","Lawrence County"
39.033411,-82.055131,0.01,"Human","Debris and open burning","3/22/2019","Meigs County"
39.969609,-81.950468,1,"Human","Debris and open burning","3/21/2019","Muskingum County"
39.618198,-82.764541,0.01,"Human","Equipment and vehicle use","3/3/2019","Fairfield County"
39.570302,-81.54476,0.5,"Human","Debris and open burning","1/8/2019","Washington County"
40.900332,-80.856834,0.1,"Human","Smoking","5/9/2019","Columbiana County"
41.260098,-80.910718,1.5,"Human","Debris and open burning","4/8/2019","Trumbull County"
39.09956,-81.996155,3,"Human","Debris and open burning","9/27/2019","Meigs County"
39.437154,-81.552105,0.75,"Human","Debris and open burning","3/27/2019","Washington County"
38.778412,-82.386671,0.75,"Human","Debris and open burning","3/24/2019","Gallia County"
38.5426,-82.3071,25,"Human","Arson/incendiarism","3/23/2019","Lawrence County"
39.973326,-80.903057,0.1,"Human","Debris and open burning","11/10/2019","Belmont County"
38.817852,-83.121675,2,"Human","Missing data/not specified/undetermined","11/27/2019","Scioto County"
40.348299,-81.518454,1,"Human","Missing data/not specified/undetermined","10/20/2019","Tuscarawas County"
39.545948,-81.810039,0.25,"Human","Debris and open burning","3/14/2019","Morgan County"
38.616703,-82.36263,3,"Human","Missing data/not specified/undetermined","4/28/2019","Lawrence County"
39.037732,-82.426842,1,"Human","Missing data/not specified/undetermined","6/25/2019","Vinton County"
38.814399,-83.526237,0.5,"Human","Missing data/not specified/undetermined","5/1/2019","Adams County"
39.620567,-82.758609,0.01,"Human","Debris and open burning","4/25/2019","Fairfield County"
38.619196,-82.349069,0.1,"Human","Missing data/not specified/undetermined","4/21/2019","Gallia County"
40.275136,-81.775362,0.25,"Human","Debris and open burning","4/12/2019","Coshocton County"
38.856454,-83.14797,0.25,"Human","Debris and open burning","10/4/2019","Scioto County"
40.384235,-82.283886,0.3,"Human","Arson/incendiarism","10/3/2019","Knox County"
39.511241,-81.667852,1,"Human","Debris and open burning","10/2/2019","Washington County"
41.082891,-80.561118,0.5,"Human","Debris and open burning","9/9/2019","Mahoning County"
39.051313,-83.020736,0.5,"Human","Smoking","8/9/2019","Pike County"
40.085482,-81.615298,0.5,"Human","Debris and open burning","8/3/2019","Guernsey County"
38.494513,-82.364089,0.1,"Human","Missing data/not specified/undetermined","3/24/2019","Lawrence County"
40.712563,-81.471056,1,"Human","Debris and open burning","3/20/2019","Stark County"
39.760647,-82.10494,1,"Human","Debris and open burning","3/12/2019","Perry County"
40.481195,-82.225677,0.02,"Human","Debris and open burning","2/2/2019","Knox County"
40.424984,-81.361411,0.04,"Human","Missing data/not specified/undetermined","1/6/2019","Tuscarawas County"
38.554678,-82.33113,1,"Human","Missing data/not specified/undetermined","3/24/2019","Lawrence County"
39.320504,-83.014643,1,"Human","Debris and open burning","5/21/2019","Ross County"
39.111056,-82.018916,3,"Human","Debris and open burning","4/17/2019","Meigs County"
40.323906,-81.736118,0.15,"Human","Debris and open burning","4/13/2019","Coshocton County"
41.264524,-80.958341,6,"Human","Debris and open burning","4/13/2019","Trumbull County"
40.943955,-82.182729,0.25,"Human","Debris and open burning","3/27/2019","Ashland County"
40.103265,-82.104323,1.5,"Human","Debris and open burning","3/23/2019","Muskingum County"
40.080573,-80.816216,0.2,"Human","Debris and open burning","12/22/2019","Belmont County"
39.613627,-82.788601,0.01,"Human","Debris and open burning","11/9/2019","Fairfield County"
39.748491,-81.057746,3,"Human","Power generation/transmission/distribution","11/4/2019","Monroe County"
38.90682,-82.417554,0.25,"Human","Missing data/not specified/undetermined","9/26/2019","Gallia County"
41.093939,-80.558898,0.5,"Human","Debris and open burning","7/14/2019","Mahoning County"
40.087392,-81.443933,0.5,"Human","Arson/incendiarism","4/24/2019","Guernsey County"
39.4257,-82.3633,2,"Human","Power generation/transmission/distribution","4/17/2019","Hocking County"
39.879346,-81.838376,0.5,"Human","Debris and open burning","4/9/2019","Muskingum County"
41.090622,-80.557348,0.5,"Human","Debris and open burning","9/10/2019","Mahoning County"
41.442578,-81.135608,1,"Human","Missing data/not specified/undetermined","8/4/2019","Geauga County"
40.431292,-82.363105,0.01,"Human","Debris and open burning","4/6/2019","Knox County"
39.577,-82.392,0.25,"Human","Recreation and ceremony","3/24/2019","Hocking County"
38.953903,-81.794312,0.2,"Human","Debris and open burning","3/24/2019","Meigs County"
39.890213,-81.989868,0.25,"Human","Smoking","2/25/2019","Muskingum County"
40.40846,-81.327882,0.2,"Human","Debris and open burning","2/25/2019","Tuscarawas County"
40.747712,-82.716497,3,"Human","Missing data/not specified/undetermined","10/13/2019","Richland County"
39.101309,-82.000618,2,"Human","Debris and open burning","9/27/2019","Meigs County"
39.106196,-83.173745,6,"Human","Debris and open burning","4/7/2019","Pike County"
39.129199,-82.37856,4,"Human","Missing data/not specified/undetermined","4/4/2019","Vinton County"
39.09481,-83.20979,0.25,"Human","Debris and open burning","10/9/2019","Pike County"
39.74815,-82.58876,0.1,"Human","Debris and open burning","9/22/2019","Fairfield County"
39.848268,-81.544916,0.05,"Human","Missing data/not specified/undetermined","9/4/2019","Noble County"
39.222965,-82.204388,0.02,"Human","Missing data/not specified/undetermined","8/30/2019","Athens County"
40.55069,-81.04573,10,"Human","Debris and open burning","3/14/2019","Carroll County"
39.608972,-82.758608,0.01,"Human","Debris and open burning","10/25/2019","Fairfield County"
41.229726,-80.580519,0.5,"Human","Debris and open burning","10/24/2019","Trumbull County"
40.097394,-80.74161,0.01,"Human","Debris and open burning","11/21/2019","Belmont County"
39.938073,-81.93691,1,"Human","Equipment and vehicle use","10/20/2019","Muskingum County"
40.14214,-82.315123,0.1,"Human","Debris and open burning","10/14/2019","Licking County"
39.470824,-81.591699,10,"Human","Power generation/transmission/distribution","3/14/2019","Washington County"
39.451108,-81.880691,8,"Human","Missing data/not specified/undetermined","2/28/2019","Athens County"
39.558134,-82.488494,0.01,"Human","Recreation and ceremony","4/19/2019","Hocking County"
40.469728,-82.192173,0.01,"Human","Debris and open burning","4/9/2019","Knox County"
40.323416,-81.456591,1,"Human","Power generation/transmission/distribution","10/1/2019","Tuscarawas County"
40.58431,-82.417465,0.1,"Human","Smoking","9/20/2019","Richland County"
40.725943,-80.66841,0.5,"Human","Missing data/not specified/undetermined","9/19/2019","Columbiana County"
38.749005,-83.592402,0.06,"Human","Debris and open burning","9/10/2019","Adams County"
38.63825,-82.846029,1,"Human","Debris and open burning","3/30/2019","Scioto County"
40.141854,-81.229433,5.5,"Human","Debris and open burning","3/27/2019","Guernsey County"
38.433308,-82.427643,1,"Human","Missing data/not specified/undetermined","3/24/2019","Lawrence County"
40.061964,-81.885182,0.05,"Human","Missing data/not specified/undetermined","3/12/2019","Muskingum County"
39.092737,-82.332841,1,"Human","Debris and open burning","2/25/2019","Vinton County"
40.201904,-82.397113,4.5,"Human","Debris and open burning","4/11/2019","Licking County"
38.951735,-82.564788,0.01,"Human","Smoking","5/21/2019","Jackson County"
38.688861,-83.649369,0.04,"Human","Debris and open burning","10/13/2019","Adams County"
41.672472,-83.365686,0.2,"Human","Debris and open burning","10/10/2019","Lucas County"
39.614389,-82.804531,0.01,"Human","Debris and open burning","10/5/2019","Fairfield County"
40.610988,-81.011913,6,"Human","Equipment and vehicle use","9/27/2019","Carroll County"
39.891009,-82.28961,5,"Human","Debris and open burning","4/3/2019","Perry County"
38.617467,-82.343833,6,"Human","Missing data/not specified/undetermined","3/24/2019","Gallia County"
39.825958,-81.601194,2,"Human","Debris and open burning","3/20/2019","Noble County"
39.6929,-82.115,1,"Human","Power generation/transmission/distribution","3/14/2019","Perry County"
39.22499,-82.272186,1,"Human","Missing data/not specified/undetermined","3/14/2019","Vinton County"
39.122857,-82.860099,3,"Human","Debris and open burning","3/14/2019","Pike County"
39.642059,-82.724661,0.01,"Human","Debris and open burning","10/23/2019","Fairfield County"
40.986221,-82.16434,0.1,"Human","Other causes","11/27/2019","Ashland County"
40.121576,-82.112814,0.3,"Human","Recreation and ceremony","10/16/2019","Muskingum County"
40.593113,-82.004517,0.25,"Human","Debris and open burning","3/9/2020","Holmes County"
40.868905,-82.718227,2,"Human","Debris and open burning","11/10/2020","Richland County"
38.446871,-82.369074,2,"Human","Debris and open burning","1/11/2020","Lawrence County"
39.063116,-83.089466,0.25,"Human","Smoking","11/8/2020","Pike County"
39.5603,-81.643283,2.5,"Human","Missing data/not specified/undetermined","3/9/2020","Washington County"
40.145756,-82.158775,2,"Human","Debris and open burning","6/12/2020","Muskingum County"
39.751543,-82.295093,1.4,"Human","Debris and open burning","3/9/2020","Perry County"
40.179659,-82.096471,2,"Human","Debris and open burning","2/21/2020","Coshocton County"
38.493538,-82.36566,30,"Human","Debris and open burning","11/8/2020","Lawrence County"
40.468285,-81.909061,0.25,"Human","Debris and open burning","11/20/2020","Holmes County"
38.5528,-82.3099,5,"Human","Debris and open burning","3/26/2020","Lawrence County"
39.947484,-82.687499,0.02,"Human","Equipment and vehicle use","5/28/2020","Licking County"
39.59739,-82.468881,0.5,"Human","Power generation/transmission/distribution","3/29/2020","Hocking County"
41.407782,-84.034011,3,"Human","Missing data/not specified/undetermined","7/5/2020","Henry County"
39.027439,-83.624097,0.75,"Human","Debris and open burning","4/8/2020","Highland County"
40.422378,-80.746284,0.5,"Human","Other causes","11/19/2020","Jefferson County"
41.345315,-81.107609,0.25,"Human","Missing data/not specified/undetermined","11/4/2020","Portage County"
39.787471,-82.354153,2,"Human","Recreation and ceremony","11/10/2020","Perry County"
40.375584,-82.343356,2,"Human","Equipment and vehicle use","3/22/2020","Knox County"
39.469276,-82.315064,0.5,"Human","Debris and open burning","4/3/2020","Hocking County"
40.365744,-81.355992,1,"Human","Power generation/transmission/distribution","4/3/2020","Tuscarawas County"
38.922658,-83.750003,0.1,"Human","Debris and open burning","9/6/2020","Brown County"
40.072852,-81.548947,0.1,"Human","Debris and open burning","11/18/2020","Guernsey County"
38.77785,-82.428961,1.01,"Human","Debris and open burning","9/25/2020","Gallia County"
39.1627,-82.23207,2,"Human","Debris and open burning","11/19/2020","Meigs County"
38.624147,-82.382929,0.02,"Human","Power generation/transmission/distribution","4/17/2020","Lawrence County"
38.4783,-82.449577,0.75,"Human","Debris and open burning","3/9/2020","Lawrence County"
40.677461,-80.678986,0.2,"Human","Arson/incendiarism","4/25/2020","Columbiana County"
40.208984,-81.924636,1,"Human","Debris and open burning","3/8/2020","Coshocton County"
39.966839,-82.078396,0.25,"Human","Arson/incendiarism","10/18/2020","Muskingum County"
39.250925,-82.322875,0.1,"Human","Missing data/not specified/undetermined","4/21/2020","Vinton County"
39.301993,-82.685354,2.5,"Human","Debris and open burning","4/2/2020","Vinton County"
39.440867,-82.623427,0.5,"Human","Power generation/transmission/distribution","11/1/2020","Hocking County"
40.049284,-81.937468,0.5,"Human","Debris and open burning","11/7/2020","Muskingum County"
39.593156,-82.647481,2,"Human","Debris and open burning","11/5/2020","Fairfield County"
38.869881,-83.815744,0.1,"Human","Debris and open burning","8/13/2020","Brown County"
40.135367,-82.105932,2,"Human","Debris and open burning","2/29/2020","Muskingum County"
40.247105,-81.47763,3,"Human","Power generation/transmission/distribution","4/3/2020","Tuscarawas County"
41.847578,-80.620502,1,"Human","Debris and open burning","11/7/2020","Ashtabula County"
39.539992,-82.636731,0.5,"Human","Power generation/transmission/distribution","11/1/2020","Hocking County"
39.117385,-82.850724,0.5,"Human","Smoking","1/1/2020","Pike County"
38.797605,-82.236743,10,"Human","Debris and open burning","3/9/2020","Gallia County"
40.075051,-81.581828,0.25,"Human","Debris and open burning","4/6/2020","Guernsey County"
39.856148,-81.560556,0.5,"Human","Arson/incendiarism","11/7/2020","Noble County"
40.976999,-82.423967,20,"Human","Debris and open burning","10/7/2020","Richland County"
41.364442,-83.903699,5,"Human","Debris and open burning","10/18/2020","Henry County"
38.847362,-83.498986,2,"Human","Debris and open burning","2/21/2020","Adams County"
41.78178,-80.594895,0.5,"Human","Debris and open burning","11/21/2020","Ashtabula County"
40.863177,-81.010078,0.1,"Human","Debris and open burning","8/15/2020","Columbiana County"
38.71691,-83.475621,0.02,"Human","Debris and open burning","11/5/2020","Adams County"
39.04622,-83.069532,1,"Human","Missing data/not specified/undetermined","3/8/2020","Pike County"
38.912664,-83.825013,0.1,"Human","Missing data/not specified/undetermined","4/16/2020","Brown County"
40.908257,-82.317306,0.25,"Human","Power generation/transmission/distribution","7/21/2020","Ashland County"
38.865042,-82.349198,0.2,"Human","Missing data/not specified/undetermined","3/24/2020","Gallia County"
38.98063,-83.35938,2,"Human","Debris and open burning","3/8/2020","Adams County"
41.40498,-84.121902,0.01,"Human","Missing data/not specified/undetermined","9/27/2020","Henry County"
40.439299,-82.315946,0.1,"Human","Debris and open burning","8/9/2020","Knox County"
39.400047,-82.046516,4,"Human","Debris and open burning","3/8/2020","Athens County"
39.961607,-81.462984,1,"Human","Smoking","3/9/2020","Guernsey County"
39.431255,-82.598578,2,"Human","Power generation/transmission/distribution","11/1/2020","Hocking County"
40.687961,-80.649946,0.5,"Human","Debris and open burning","3/9/2020","Columbiana County"
40.456945,-80.74507,1,"Human","Debris and open burning","4/6/2020","Jefferson County"
38.76941,-82.784681,0.4,"Human","Smoking","7/17/2020","Scioto County"
40.053657,-80.895335,1,"Human","Debris and open burning","2/22/2020","Belmont County"
40.918025,-82.387824,0.5,"Human","Debris and open burning","11/7/2020","Ashland County"
40.048324,-82.283775,3,"Human","Debris and open burning","11/10/2020","Licking County"
38.89758,-82.3973,0.5,"Human","Debris and open burning","4/7/2020","Gallia County"
40.393263,-80.80314,1,"Human","Missing data/not specified/undetermined","11/7/2020","Jefferson County"
38.817074,-83.522889,1,"Human","Debris and open burning","2/21/2020","Adams County"
41.7819,-80.572,0.1,"Human","Recreation and ceremony","9/26/2020","Ashtabula County"
39.049886,-83.328998,1,"Human","Debris and open burning","1/7/2020","Adams County"
39.114712,-83.253445,37,"Human","Debris and open burning","11/7/2020","Pike County"
41.071134,-80.529458,0.1,"Human","Debris and open burning","9/10/2020","Mahoning County"
41.637323,-81.077635,1,"Human","Debris and open burning","5/3/2020","Geauga County"
39.258349,-82.052851,1,"Human","Debris and open burning","3/1/2020","Athens County"
38.874159,-83.175844,15,"Human","Missing data/not specified/undetermined","4/21/2020","Scioto County"
38.983782,-83.061356,0.5,"Human","Debris and open burning","6/9/2020","Pike County"
39.975953,-82.026067,0.01,"Human","Recreation and ceremony","6/10/2020","Muskingum County"
39.808404,-81.129165,0.5,"Human","Equipment and vehicle use","8/9/2020","Monroe County"
40.4818,-81.907029,1,"Human","Debris and open burning","11/19/2020","Holmes County"
39.852777,-81.50138,0.25,"Human","Fireworks","7/26/2020","Noble County"
39.359665,-82.890231,0.05,"Human","Debris and open burning","3/14/2020","Ross County"
40.385496,-81.476589,1,"Human","Debris and open burning","3/1/2020","Tuscarawas County"
39.653123,-82.660557,0.2,"Human","Missing data/not specified/undetermined","11/8/2020","Fairfield County"
40.850887,-81.013104,0.25,"Human","Debris and open burning","11/6/2020","Columbiana County"
39.60864,-82.508746,1,"Human","Missing data/not specified/undetermined","11/4/2020","Fairfield County"
39.89149,-81.427033,0.01,"Human","Equipment and vehicle use","10/9/2020","Noble County"
41.448875,-84.309522,0.5,"Human","Recreation and ceremony","11/8/2020","Henry County"
39.1543,-82.834672,1,"Human","Power generation/transmission/distribution","3/29/2020","Pike County"
39.80423,-81.419111,0.25,"Human","Debris and open burning","8/16/2020","Noble County"
41.328502,-84.149708,0.02,"Human","Debris and open burning","9/26/2020","Henry County"
39.171653,-82.946295,0.01,"Human","Debris and open burning","3/30/2020","Pike County"
40.412153,-81.390973,1,"Human","Missing data/not specified/undetermined","3/9/2020","Tuscarawas County"
39.923153,-81.438194,0.1,"Human","Power generation/transmission/distribution","11/1/2020","Guernsey County"
39.104489,-82.97838,50,"Human","Smoking","2/3/2020","Pike County"
40.394289,-81.391813,0.2,"Human","Debris and open burning","7/9/2020","Tuscarawas County"
39.251388,-82.477992,0.1,"Human","Debris and open burning","11/6/2020","Vinton County"
39.50686,-82.262634,1,"Human","Equipment and vehicle use","9/25/2020","Hocking County"
39.117633,-82.868053,3,"Human","Equipment and vehicle use","3/9/2020","Pike County"
40.885111,-82.589277,2,"Human","Missing data/not specified/undetermined","7/25/2020","Richland County"
40.006489,-82.162961,0.1,"Human","Debris and open burning","4/21/2020","Muskingum County"
39.840098,-80.982361,0.1,"Human","Debris and open burning","10/7/2020","Monroe County"
39.313417,-83.189474,4,"Human","Debris and open burning","11/20/2020","Ross County"
40.179433,-81.472271,0.15,"Human","Debris and open burning","2/23/2020","Guernsey County"
38.93626,-83.774973,0.1,"Human","Missing data/not specified/undetermined","9/7/2020","Brown County"
41.084021,-80.544822,1,"Human","Missing data/not specified/undetermined","5/3/2020","Mahoning County"
39.954659,-81.497928,0.01,"Human","Debris and open burning","3/26/2020","Guernsey County"
41.417565,-84.099092,0.1,"Human","Smoking","7/6/2020","Henry County"
40.997549,-82.230832,0.2,"Human","Debris and open burning","11/7/2020","Ashland County"
40.589743,-81.069105,0.25,"Human","Debris and open burning","11/4/2020","Carroll County"
39.535296,-82.262938,1,"Human","Equipment and vehicle use","7/3/2020","Hocking County"
38.891235,-82.381899,0.1,"Human","Debris and open burning","3/21/2020","Gallia County"
39.126303,-83.461461,5,"Human","Debris and open burning","3/7/2020","Highland County"
39.96646,-82.042178,0.25,"Human","Equipment and vehicle use","7/6/2020","Muskingum County"
40.486668,-82.316121,0.25,"Human","Debris and open burning","11/10/2020","Knox County"
39.952731,-82.545632,25,"Human","Missing data/not specified/undetermined","4/20/2020","Licking County"
40.285124,-81.982314,0.25,"Human","Debris and open burning","3/27/2020","Coshocton County"
40.518945,-81.897342,0.25,"Human","Debris and open burning","11/8/2020","Holmes County"
40.471005,-81.91002,0.15,"Human","Debris and open burning","10/23/2020","Holmes County"
40.482256,-81.426439,3,"Human","Power generation/transmission/distribution","11/4/2020","Tuscarawas County"
38.700906,-83.06537,1,"Human","Debris and open burning","4/7/2020","Scioto County"
41.4093,-84.187152,5,"Human","Debris and open burning","10/16/2020","Henry County"
40.11687,-81.654967,0.5,"Human","Debris and open burning","11/10/2020","Guernsey County"
39.815908,-82.357271,1,"Human","Recreation and ceremony","10/18/2020","Perry County"
39.057441,-82.824257,0.05,"Human","Arson/incendiarism","3/9/2020","Pike County"
40.356785,-82.277384,0.01,"Human","Recreation and ceremony","8/21/2020","Knox County"
40.0965,-80.7681,0.5,"Human","Debris and open burning","1/11/2020","Belmont County"
38.782176,-83.029722,2,"Human","Debris and open burning","11/4/2020","Scioto County"
39.994799,-82.015637,0.01,"Human","Other causes","4/17/2020","Muskingum County"
39.65,-82.32,0.1,"Human","Debris and open burning","4/6/2020","Perry County"
40.804601,-80.629791,0.5,"Human","Debris and open burning","11/9/2020","Columbiana County"
40.448025,-82.259022,0.02,"Human","Debris and open burning","4/4/2020","Knox County"
39.476722,-82.076245,1,"Human","Debris and open burning","3/9/2020","Athens County"
40.653506,-81.523894,0.5,"Human","Debris and open burning","2/23/2020","Stark County"
40.363435,-81.296889,1,"Human","Missing data/not specified/undetermined","3/9/2020","Tuscarawas County"
38.84452,-83.37219,1,"Human","Debris and open burning","3/8/2020","Adams County"
41.257453,-84.010215,2,"Human","Equipment and vehicle use","11/7/2020","Henry County"
40.931278,-82.20651,10,"Human","Debris and open burning","11/19/2020","Ashland County"
40.269711,-82.350169,0.01,"Human","Debris and open burning","3/30/2020","Knox County"
40.299696,-81.916751,2,"Human","Debris and open burning","3/8/2020","Coshocton County"
41.326694,-84.118807,0.02,"Human","Debris and open burning","11/5/2020","Henry County"
38.697486,-83.559604,0.03,"Human","Missing data/not specified/undetermined","4/15/2020","Adams County"
38.929052,-83.057837,5,"Human","Power generation/transmission/distribution","3/29/2020","Scioto County"
39.67524,-82.29885,0.01,"Human","Power generation/transmission/distribution","2/21/2020","Perry County"
40.921757,-82.279217,0.1,"Human","Debris and open burning","11/6/2020","Ashland County"
40.117184,-81.655049,0.5,"Human","Missing data/not specified/undetermined","11/10/2020","Guernsey County"
40.140701,-82.009262,0.5,"Human","Debris and open burning","3/8/2020","Muskingum County"
38.639829,-83.3259,5,"Human","Debris and open burning","11/13/2020","Adams County"
39.08134,-83.346155,1,"Human","Debris and open burning","11/8/2020","Pike County"
40.914862,-82.154008,0.01,"Human","Debris and open burning","1/8/2020","Ashland County"
39.932641,-81.446649,0.01,"Human","Smoking","9/20/2020","Guernsey County"
40.556363,-81.086042,3,"Human","Debris and open burning","11/9/2020","Carroll County"
40.456646,-81.136238,2,"Human","Debris and open burning","10/17/2020","Carroll County"
39.996718,-81.566443,1,"Human","Missing data/not specified/undetermined","3/12/2020","Guernsey County"
39.986488,-82.20111,1,"Human","Debris and open burning","7/6/2020","Licking County"
40.924647,-82.212448,20,"Human","Debris and open burning","11/19/2020","Ashland County"
38.856275,-83.772657,0.1,"Human","Missing data/not specified/undetermined","7/23/2020","Brown County"
38.821411,-82.31861,0.15,"Human","Debris and open burning","1/11/2020","Gallia County"
39.774748,-82.581413,1,"Human","Fireworks","7/5/2020","Fairfield County"
41.004099,-82.20158,7,"Human","Equipment and vehicle use","7/13/2020","Ashland County"
39.654,-82.488,4,"Human","Missing data/not specified/undetermined","10/17/2020","Hocking County"
39.20411,-82.903005,6,"Human","Arson/incendiarism","4/4/2020","Ross County"
38.907485,-82.353485,0.05,"Human","Power generation/transmission/distribution","7/15/2020","Gallia County"
39.308059,-81.970556,0.01,"Human","Equipment and vehicle use","7/5/2020","Athens County"
41.682324,-83.355348,0.01,"Human","Debris and open burning","3/25/2020","Lucas County"
40.418058,-82.341333,0.01,"Human","Debris and open burning","8/14/2020","Knox County"
39.887546,-82.75861,0.1,"Human","Debris and open burning","11/7/2020","Fairfield County"
38.889981,-82.385912,0.01,"Human","Equipment and vehicle use","7/16/2020","Gallia County"
38.826704,-82.513263,5,"Human","Recreation and ceremony","1/2/2020","Gallia County"
40.927849,-82.224121,0.01,"Human","Debris and open burning","1/23/2020","Ashland County"
40.365798,-81.876855,0.5,"Human","Recreation and ceremony","4/2/2020","Coshocton County"
39.237612,-83.270547,50,"Human","Debris and open burning","10/14/2020","Ross County"
39.150073,-83.192398,0.5,"Human","Debris and open burning","3/13/2020","Pike County"
38.795654,-83.465254,2,"Human","Debris and open burning","2/22/2020","Adams County"
40.118548,-80.822227,1,"Human","Missing data/not specified/undetermined","2/22/2020","Belmont County"
39.80336,-81.25653,3,"Human","Debris and open burning","2/3/2020","Monroe County"
40.975997,-82.180068,1,"Human","Debris and open burning","4/8/2020","Ashland County"
40.002265,-81.602221,0.1,"Human","Debris and open burning","4/21/2020","Guernsey County"
40.937043,-80.850723,1.5,"Human","Debris and open burning","3/9/2020","Mahoning County"
39.362343,-82.261563,0.35,"Human","Power generation/transmission/distribution","11/1/2020","Athens County"
39.068306,-83.008444,0.5,"Human","Railroad operations and maintenance","6/8/2020","Pike County"
38.779816,-83.028255,2,"Human","Debris and open burning","1/10/2020","Scioto County"
39.551563,-81.648261,0.1,"Human","Debris and open burning","3/26/2020","Washington County"
38.764233,-83.109159,0.25,"Human","Missing data/not specified/undetermined","3/28/2020","Scioto County"
41.853465,-80.740934,0.1,"Human","Missing data/not specified/undetermined","4/15/2020","Ashtabula County"
41.403994,-84.00235,0.5,"Human","Debris and open burning","7/4/2020","Henry County"
38.864729,-83.775747,0.1,"Human","Missing data/not specified/undetermined","5/17/2020","Brown County"
39.943141,-81.308393,20,"Human","Debris and open burning","10/9/2020","Noble County"
39.662,-82.452,2,"Human","Power generation/transmission/distribution","11/1/2020","Fairfield County"
38.928891,-83.687942,0.1,"Human","Debris and open burning","4/5/2020","Brown County"
38.755917,-82.860834,0.01,"Human","Debris and open burning","11/4/2020","Scioto County"
39.1538,-82.7324,5,"Human","Power generation/transmission/distribution","3/29/2020","Jackson County"
38.861497,-82.216856,0.5,"Human","Debris and open burning","11/5/2020","Gallia County"
39.270316,-83.085239,5,"Human","Missing data/not specified/undetermined","1/9/2020","Ross County"
39.53271,-82.464157,0.25,"Human","Recreation and ceremony","11/19/2020","Hocking County"
38.771052,-82.87225,0.01,"Human","Missing data/not specified/undetermined","7/29/2020","Scioto County"
39.088148,-82.871591,1,"Human","Debris and open burning","9/18/2020","Pike County"
39.042351,-82.061528,0.5,"Human","Debris and open burning","2/3/2020","Meigs County"
40.614103,-82.199294,3,"Human","Smoking","4/2/2020","Holmes County"
39.700295,-81.440103,60,"Human","Missing data/not specified/undetermined","11/7/2020","Noble County"
38.846928,-83.508513,2,"Human","Debris and open burning","2/22/2020","Adams County"
39.923989,-82.612028,0.01,"Human","Debris and open burning","10/4/2020","Fairfield County"
39.982026,-81.996689,0.01,"Human","Power generation/transmission/distribution","6/10/2020","Muskingum County"
38.950254,-83.778279,0.2,"Human","Missing data/not specified/undetermined","7/10/2020","Brown County"
41.001872,-82.194381,4,"Human","Equipment and vehicle use","7/13/2020","Ashland County"
40.167314,-81.64441,2,"Human","Debris and open burning","11/12/2020","Guernsey County"
41.660429,-83.303007,0.02,"Human","Debris and open burning","10/14/2020","Lucas County"
39.2275,-81.933648,1,"Human","Debris and open burning","3/8/2020","Athens County"
39.487971,-82.371932,0.1,"Human","Debris and open burning","1/30/2020","Hocking County"
40.786514,-82.305692,0.33,"Human","Equipment and vehicle use","11/6/2020","Ashland County"
39.109269,-83.021112,0.5,"Human","Debris and open burning","3/31/2020","Pike County"
40.250167,-81.848837,0.15,"Human","Debris and open burning","4/23/2020","Coshocton County"
41.387425,-81.136056,3,"Human","Debris and open burning","3/9/2020","Geauga County"
40.089051,-81.731989,3,"Human","Debris and open burning","3/7/2020","Muskingum County"
39.125811,-82.863742,10,"Human","Missing data/not specified/undetermined","2/22/2020","Pike County"
38.957341,-83.210037,0.25,"Human","Power generation/transmission/distribution","1/8/2020","Scioto County"
41.33962,-84.210887,0.05,"Human","Equipment and vehicle use","9/24/2020","Henry County"
39.694068,-82.031333,2,"Human","Debris and open burning","3/9/2020","Perry County"
39.384138,-82.460912,0.5,"Natural","Natural","7/18/2020","Vinton County"
39.235339,-82.174991,0.25,"Human","Debris and open burning","6/12/2020","Athens County"
40.162832,-81.049557,5,"Human","Debris and open burning","8/24/2020","Belmont County"
38.550338,-82.539868,1,"Human","Debris and open burning","11/8/2020","Lawrence County"
40.075835,-82.386834,0.25,"Human","Debris and open burning","11/10/2020","Licking County"
39.647977,-82.214551,5,"Human","Debris and open burning","4/3/2020","Perry County"
39.821937,-80.897415,2,"Human","Debris and open burning","2/17/2020","Monroe County"
38.881162,-82.430501,5,"Human","Debris and open burning","11/10/2020","Gallia County"
39.382445,-82.429267,0.25,"Human","Power generation/transmission/distribution","10/2/2020","Vinton County"
40.371496,-81.49205,1,"Human","Debris and open burning","11/10/2020","Tuscarawas County"
38.46011,-82.397048,1,"Human","Missing data/not specified/undetermined","10/19/2020","Lawrence County"
39.772164,-82.674968,2.5,"Human","Debris and open burning","11/4/2020","Fairfield County"
38.650818,-82.401113,0.5,"Human","Arson/incendiarism","4/20/2020","Lawrence County"
39.94064,-82.529313,1,"Human","Debris and open burning","11/19/2020","Licking County"
39.465876,-81.630092,0.75,"Human","Equipment and vehicle use","10/7/2020","Washington County"
39.813674,-82.014041,2,"Human","Debris and open burning","3/9/2020","Muskingum County"
39.32007,-82.220419,0.2,"Human","Debris and open burning","2/3/2020","Athens County"
39.488146,-81.570262,2,"Human","Debris and open burning","9/19/2020","Washington County"
40.158337,-82.324413,1.25,"Human","Debris and open burning","11/9/2020","Licking County"
38.766422,-83.056428,1.5,"Human","Missing data/not specified/undetermined","12/11/2020","Scioto County"
40.004416,-81.662069,0.5,"Human","Debris and open burning","3/8/2020","Guernsey County"
38.99725,-83.36296,0.5,"Human","Missing data/not specified/undetermined","7/18/2020","Adams County"
40.922374,-82.283734,0.1,"Human","Equipment and vehicle use","8/9/2020","Ashland County"
39.576112,-81.606891,1.5,"Human","Power generation/transmission/distribution","3/29/2020","Washington County"
38.820745,-82.195691,0.13,"Human","Smoking","11/8/2020","Gallia County"
39.957101,-82.189626,0.5,"Human","Debris and open burning","12/11/2020","Muskingum County"
39.264718,-81.849402,6,"Human","Debris and open burning","3/26/2020","Athens County"
40.770384,-82.318658,0.5,"Human","Debris and open burning","8/20/2020","Ashland County"
38.923827,-83.043954,0.01,"Human","Power generation/transmission/distribution","4/29/2020","Scioto County"
39.564732,-81.530845,1,"Human","Missing data/not specified/undetermined","3/9/2020","Washington County"
39.809883,-82.526419,0.02,"Human","Missing data/not specified/undetermined","8/1/2020","Fairfield County"
39.489371,-82.627332,2,"Human","Debris and open burning","11/4/2020","Hocking County"
39.259365,-82.231792,2.5,"Human","Debris and open burning","5/15/2020","Athens County"
39.349716,-82.995833,0.2,"Human","Missing data/not specified/undetermined","1/13/2020","Ross County"
39.545737,-82.473101,0.75,"Human","Recreation and ceremony","11/10/2020","Hocking County"
41.642841,-83.282432,0.14,"Human","Debris and open burning","4/22/2020","Lucas County"
40.663414,-80.612435,0.25,"Human","Debris and open burning","8/21/2020","Columbiana County"
39.120223,-83.040093,1,"Human","Debris and open burning","3/30/2020","Pike County"
41.669029,-83.343846,0.25,"Human","Arson/incendiarism","10/14/2020","Lucas County"
39.873843,-81.394936,2,"Human","Missing data/not specified/undetermined","2/3/2020","Noble County"
38.8115,-83.1121,1,"Human","Missing data/not specified/undetermined","3/30/2020","Scioto County"
40.051915,-82.021211,0.25,"Human","Debris and open burning","11/29/2020","Muskingum County"
39.673082,-82.603065,0.5,"Human","Missing data/not specified/undetermined","11/10/2020","Fairfield County"
38.4771,-82.3342,5,"Human","Debris and open burning","1/9/2020","Lawrence County"
39.976318,-82.525588,0.02,"Human","Smoking","4/15/2020","Licking County"
39.861648,-82.373528,1,"Human","Debris and open burning","11/3/2020","Perry County"
40.491428,-82.352429,2,"Human","Debris and open burning","3/8/2020","Knox County"
41.63524,-83.266949,0.01,"Human","Debris and open burning","11/7/2020","Lucas County"
39.20305,-82.973308,20,"Human","Other causes","3/8/2020","Ross County"
38.779029,-82.430522,1.5,"Human","Debris and open burning","9/24/2020","Gallia County"
39.194389,-81.858536,1,"Human","Recreation and ceremony","3/7/2020","Athens County"
40.04797,-81.558364,1,"Human","Missing data/not specified/undetermined","4/15/2020","Guernsey County"
38.4998,-82.3694,2,"Human","Other causes","2/24/2020","Lawrence County"
38.912358,-83.227889,8,"Human","Power generation/transmission/distribution","4/22/2020","Scioto County"
40.870317,-80.838535,0.25,"Human","Debris and open burning","3/10/2020","Columbiana County"
40.429199,-82.221621,0.75,"Human","Debris and open burning","11/7/2020","Knox County"
39.101256,-83.254582,2,"Human","Debris and open burning","4/9/2020","Pike County"
41.34492,-81.079086,0.25,"Human","Debris and open burning","11/17/2020","Portage County"
39.359881,-83.042141,15,"Human","Missing data/not specified/undetermined","11/19/2020","Ross County"
39.901144,-82.559097,1.01,"Human","Equipment and vehicle use","6/20/2020","Fairfield County"
39.505465,-82.670076,1,"Human","Debris and open burning","3/8/2020","Hocking County"
41.679295,-83.381966,2,"Human","Debris and open burning","11/7/2020","Lucas County"
41.765368,-80.712187,2,"Human","Debris and open burning","7/4/2020","Ashtabula County"
39.142867,-82.257517,1,"Human","Missing data/not specified/undetermined","7/12/2020","Meigs County"
40.711738,-82.32277,0.5,"Human","Debris and open burning","1/9/2020","Ashland County"
40.698392,-80.607982,0.25,"Human","Debris and open burning","2/24/2020","Columbiana County"
38.930894,-83.692748,0.1,"Human","Debris and open burning","4/5/2020","Brown County"
41.534994,-84.241721,5,"Human","Debris and open burning","4/2/2020","Fulton County"
39.988007,-82.048423,0.5,"Human","Debris and open burning","4/4/2020","Muskingum County"
41.406492,-84.215776,0.1,"Human","Debris and open burning","10/20/2020","Henry County"
40.038121,-82.044501,0.01,"Human","Power generation/transmission/distribution","6/10/2020","Muskingum County"
40.060764,-81.719093,0.5,"Human","Debris and open burning","9/26/2020","Guernsey County"
39.191202,-81.859418,4,"Human","Missing data/not specified/undetermined","4/21/2020","Athens County"
38.752559,-83.024397,3,"Human","Debris and open burning","12/23/2020","Scioto County"
41.40249,-84.114641,0.1,"Human","Missing data/not specified/undetermined","5/10/2020","Henry County"
40.102408,-81.89024,0.05,"Human","Equipment and vehicle use","11/7/2020","Muskingum County"
41.091267,-80.559241,0.5,"Human","Debris and open burning","4/6/2020","Mahoning County"
41.465436,-84.286697,2,"Human","Debris and open burning","3/8/2020","Henry County"
38.784718,-83.447104,5,"Human","Debris and open burning","11/7/2020","Adams County"
39.95051,-82.681405,0.01,"Human","Debris and open burning","7/6/2020","Licking County"
39.068969,-83.655841,0.5,"Human","Debris and open burning","4/4/2020","Highland County"
39.175437,-82.935693,0.1,"Human","Debris and open burning","4/4/2020","Pike County"
39.19146,-82.230693,1,"Human","Arson/incendiarism","11/3/2020","Meigs County"
39.180135,-83.279525,20,"Human","Missing data/not specified/undetermined","11/9/2020","Pike County"
40.396266,-81.098633,1,"Human","Debris and open burning","10/17/2020","Harrison County"
38.810537,-83.508878,0.5,"Human","Debris and open burning","10/7/2020","Adams County"
39.464369,-82.092301,1,"Human","Debris and open burning","3/7/2020","Athens County"
39.955367,-82.086052,0.1,"Human","Power generation/transmission/distribution","6/10/2020","Muskingum County"
39.105222,-83.09983,0.25,"Human","Missing data/not specified/undetermined","3/9/2020","Pike County"
40.065917,-82.009647,0.25,"Human","Debris and open burning","11/10/2020","Muskingum County"
39.993763,-81.560693,0.1,"Human","Debris and open burning","4/22/2020","Guernsey County"
40.695283,-80.749099,0.5,"Human","Debris and open burning","2/24/2020","Columbiana County"
38.890498,-83.147222,2,"Human","Equipment and vehicle use","2/2/2020","Scioto County"
39.899297,-80.957801,2,"Human","Recreation and ceremony","11/1/2020","Belmont County"
39.165473,-82.97389,5,"Human","Debris and open burning","4/3/2020","Pike County"
39.11393,-83.181648,0.01,"Human","Missing data/not specified/undetermined","3/9/2020","Pike County"
39.0819,-82.9884,0.5,"Human","Debris and open burning","4/18/2020","Pike County"
39.125167,-83.257329,40,"Human","Debris and open burning","11/7/2020","Pike County"
40.815507,-81.025351,0.4,"Human","Debris and open burning","11/20/2020","Columbiana County"
41.635174,-83.279351,0.02,"Human","Debris and open burning","10/17/2020","Lucas County"
39.03702,-82.003966,0.25,"Human","Debris and open burning","4/22/2020","Meigs County"
40.391682,-81.38143,1,"Human","Debris and open burning","4/12/2020","Tuscarawas County"
39.963288,-82.042487,0.01,"Human","Power generation/transmission/distribution","6/10/2020","Muskingum County"
41.403737,-84.052773,4,"Human","Smoking","11/18/2020","Henry County"
41.659947,-83.26295,0.01,"Human","Debris and open burning","8/15/2020","Lucas County"
39.818174,-82.269755,1,"Human","Debris and open burning","3/8/2020","Perry County"
39.922722,-81.342017,0.75,"Human","Other causes","11/9/2020","Noble County"
39.954666,-82.066399,0.01,"Human","Debris and open burning","6/16/2020","Muskingum County"
39.692775,-82.456953,0.25,"Human","Debris and open burning","3/9/2020","Fairfield County"
41.523617,-84.328731,1.5,"Human","Arson/incendiarism","11/19/2020","Fulton County"
40.176923,-81.437526,1,"Human","Debris and open burning","11/8/2020","Guernsey County"
40.921202,-82.281499,0.1,"Human","Debris and open burning","11/6/2020","Ashland County"
40.634538,-80.918057,1,"Human","Debris and open burning","3/8/2020","Carroll County"
38.903909,-82.37175,0.01,"Human","Equipment and vehicle use","6/23/2020","Gallia County"
39.399117,-81.905496,20,"Human","Missing data/not specified/undetermined","3/29/2020","Athens County"
38.990203,-83.13854,1.5,"Human","Debris and open burning","3/8/2020","Pike County"
40.298911,-82.232392,0.01,"Human","Debris and open burning","11/4/2020","Knox County"
40.911163,-82.195722,0.1,"Human","Debris and open burning","9/19/2020","Ashland County"
40.393962,-82.369794,0.01,"Human","Debris and open burning","4/4/2020","Knox County"
39.082651,-83.615029,0.07,"Human","Missing data/not specified/undetermined","11/8/2020","Highland County"
40.797546,-82.241394,0.25,"Human","Equipment and vehicle use","11/4/2020","Ashland County"
38.864932,-83.079134,1,"Human","Missing data/not specified/undetermined","4/3/2020","Scioto County"
38.797486,-82.880672,5,"Human","Debris and open burning","11/2/2020","Scioto County"
39.734673,-82.362842,1,"Human","Debris and open burning","10/17/2020","Perry County"
40.809067,-81.152696,3,"Human","Equipment and vehicle use","11/4/2020","Stark County"
40.851429,-81.144473,1.5,"Human","Equipment and vehicle use","11/4/2020","Stark County"
39.668648,-82.646786,0.1,"Human","Debris and open burning","11/6/2020","Fairfield County"
40.455712,-82.278338,4,"Human","Debris and open burning","11/9/2020","Knox County"
40.937015,-82.162216,0.01,"Human","Missing data/not specified/undetermined","6/16/2020","Ashland County"
40.555579,-82.048384,6,"Human","Debris and open burning","11/20/2020","Holmes County"
40.485658,-81.492284,0.37,"Human","Missing data/not specified/undetermined","3/9/2020","Tuscarawas County"
39.936288,-81.344678,4,"Human","Missing data/not specified/undetermined","11/7/2020","Noble County"
41.2714,-80.59782,1,"Human","Debris and open burning","4/24/2020","Trumbull County"
41.889634,-80.641621,0.1,"Human","Equipment and vehicle use","4/6/2020","Ashtabula County"
39.034222,-82.960567,0.5,"Human","Debris and open burning","4/7/2020","Pike County"
41.735,-80.6842,0.25,"Human","Debris and open burning","4/25/2020","Ashtabula County"
39.65,-82.32,3,"Human","Debris and open burning","4/3/2020","Perry County"
38.876969,-83.055885,5,"Human","Debris and open burning","3/28/2020","Scioto County"
39.431582,-82.360755,0.5,"Human","Debris and open burning","4/2/2020","Hocking County"
41.0937,-80.562108,1,"Human","Debris and open burning","8/21/2020","Mahoning County"
38.707938,-82.846372,0.01,"Human","Debris and open burning","8/30/2020","Scioto County"
39.893327,-81.42929,0.01,"Human","Recreation and ceremony","4/5/2020","Noble County"
39.333236,-83.274264,3,"Human","Debris and open burning","11/10/2020","Ross County"
40.967798,-82.259692,0.05,"Human","Debris and open burning","11/8/2020","Ashland County"
39.577285,-82.443944,4.7,"Human","Equipment and vehicle use","11/4/2020","Hocking County"
39.171019,-82.948802,0.1,"Human","Power generation/transmission/distribution","3/29/2020","Pike County"
38.759005,-82.919674,10,"Human","Equipment and vehicle use","11/7/2020","Scioto County"
39.446801,-81.683883,1,"Human","Missing data/not specified/undetermined","3/9/2020","Washington County"
41.624875,-83.30209,0.01,"Human","Power generation/transmission/distribution","6/30/2020","Lucas County"
40.604687,-80.700612,2,"Human","Debris and open burning","3/13/2020","Columbiana County"
39.355559,-82.175769,3,"Human","Debris and open burning","3/8/2020","Athens County"
39.365007,-82.890532,1.2,"Human","Smoking","3/8/2020","Ross County"
39.713505,-82.640508,2,"Human","Debris and open burning","3/8/2020","Fairfield County"
40.127705,-81.918156,0.5,"Human","Power generation/transmission/distribution","3/12/2020","Muskingum County"
39.461859,-82.050786,0.5,"Human","Equipment and vehicle use","4/6/2020","Morgan County"
40.643464,-81.376795,1.5,"Human","Missing data/not specified/undetermined","7/26/2020","Tuscarawas County"
40.98012,-82.161679,0.35,"Human","Debris and open burning","1/9/2020","Ashland County"
38.915834,-83.496325,0.5,"Human","Missing data/not specified/undetermined","4/20/2020","Adams County"
38.634372,-82.392478,0.3,"Human","Other causes","9/5/2020","Lawrence County"
40.416775,-82.360525,0.02,"Human","Power generation/transmission/distribution","3/29/2020","Knox County"
40.096569,-82.158535,0.5,"Human","Missing data/not specified/undetermined","4/24/2020","Muskingum County"
40.981076,-82.143692,0.5,"Human","Debris and open burning","4/6/2020","Ashland County"
40.014714,-80.885293,0.5,"Human","Recreation and ceremony","3/30/2020","Belmont County"
41.325699,-81.054892,0.25,"Human","Debris and open burning","11/20/2020","Portage County"
39.597,-82.488,0.5,"Human","Recreation and ceremony","11/3/2020","Hocking County"
39.029243,-83.025803,1,"Human","Debris and open burning","11/3/2020","Pike County"
39.150041,-83.09037,0.1,"Human","Missing data/not specified/undetermined","3/25/2020","Pike County"
40.86262,-80.952839,0.25,"Human","Debris and open burning","3/8/2020","Columbiana County"
39.784433,-82.635572,0.02,"Human","Power generation/transmission/distribution","6/16/2020","Fairfield County"
40.761939,-81.052049,0.5,"Human","Debris and open burning","11/19/2020","Columbiana County"
39.977108,-81.259536,0.05,"Human","Arson/incendiarism","5/31/2020","Guernsey County"
39.607933,-82.403415,1,"Human","Power generation/transmission/distribution","3/29/2020","Hocking County"
39.658,-82.433,0.5,"Human","Debris and open burning","4/22/2020","Hocking County"
39.561917,-82.697573,0.25,"Human","Debris and open burning","4/4/2020","Hocking County"
40.643689,-80.936639,0.25,"Human","Debris and open burning","7/20/2020","Carroll County"
39.428172,-82.433494,0.5,"Human","Debris and open burning","2/24/2020","Hocking County"
40.576969,-81.938442,0.02,"Human","Debris and open burning","11/16/2020","Holmes County"
41.651063,-83.355098,0.04,"Human","Debris and open burning","11/9/2020","Lucas County"
39.373267,-82.064197,1,"Natural","Natural","3/29/2020","Athens County"
38.758802,-82.926452,25,"Human","Debris and open burning","11/2/2020","Scioto County"
39.590247,-81.331092,50,"Human","Missing data/not specified/undetermined","4/20/2020","Washington County"
40.823592,-80.993759,1,"Human","Equipment and vehicle use","6/3/2020","Columbiana County"
38.415964,-82.558675,1,"Human","Debris and open burning","3/30/2020","Lawrence County"
41.353674,-84.142587,0.25,"Human","Debris and open burning","11/8/2020","Henry County"
39.259707,-82.101426,0.25,"Human","Debris and open burning","3/12/2020","Athens County"
40.844431,-81.018307,0.1,"Human","Equipment and vehicle use","11/7/2020","Columbiana County"
40.409406,-82.327466,0.01,"Human","Missing data/not specified/undetermined","1/22/2020","Knox County"
39.894774,-80.848301,1,"Human","Debris and open burning","3/15/2020","Belmont County"
40.997484,-82.378702,6,"Human","Equipment and vehicle use","7/18/2020","Ashland County"
41.638651,-83.258552,0.04,"Human","Missing data/not specified/undetermined","6/25/2020","Lucas County"
39.916609,-81.376184,0.5,"Human","Missing data/not specified/undetermined","4/4/2020","Noble County"
40.190647,-81.932092,0.01,"Human","Debris and open burning","11/7/2020","Coshocton County"
40.769267,-82.324961,0.25,"Human","Debris and open burning","3/9/2020","Ashland County"
40.479141,-81.414416,8,"Human","Missing data/not specified/undetermined","11/20/2020","Tuscarawas County"
40.371019,-81.504969,0.5,"Human","Missing data/not specified/undetermined","12/11/2020","Tuscarawas County"
39.289686,-82.369728,1.1,"Human","Power generation/transmission/distribution","11/1/2020","Vinton County"
39.888031,-82.659953,0.5,"Human","Equipment and vehicle use","11/8/2020","Fairfield County"
39.935424,-81.425233,0.01,"Human","Debris and open burning","3/21/2020","Guernsey County"
40.066058,-80.831368,1.5,"Human","Debris and open burning","3/8/2020","Belmont County"
40.483874,-81.485183,10,"Human","Debris and open burning","11/20/2020","Tuscarawas County"
38.735388,-83.402179,33,"Human","Recreation and ceremony","3/8/2020","Adams County"
39.438626,-82.322234,0.5,"Human","Equipment and vehicle use","4/20/2020","Hocking County"
38.909792,-83.761756,0.1,"Human","Power generation/transmission/distribution","6/10/2020","Brown County"
39.136352,-83.198964,1.5,"Human","Debris and open burning","11/8/2020","Pike County"
40.275259,-81.88905,0.2,"Human","Debris and open burning","11/8/2020","Coshocton County"
38.497097,-82.479028,0.01,"Human","Power generation/transmission/distribution","4/21/2020","Lawrence County"
39.372361,-82.886906,0.7,"Human","Smoking","3/8/2020","Ross County"
39.08647,-82.28477,4,"Human","Debris and open burning","11/19/2020","Meigs County"
39.320366,-81.928852,2,"Human","Power generation/transmission/distribution","3/29/2020","Athens County"
39.114163,-83.181891,1.5,"Human","Missing data/not specified/undetermined","3/8/2020","Pike County"
39.533008,-82.375076,0.25,"Human","Debris and open burning","11/20/2020","Hocking County"
41.370418,-84.033598,0.01,"Human","Debris and open burning","6/19/2020","Henry County"
40.290849,-82.341081,0.5,"Human","Debris and open burning","11/10/2020","Knox County"
39.928004,-82.703807,0.2,"Human","Debris and open burning","6/11/2020","Fairfield County"
41.590958,-84.065339,0.15,"Human","Debris and open burning","6/7/2020","Fulton County"
40.371128,-81.352907,1,"Human","Missing data/not specified/undetermined","4/3/2020","Tuscarawas County"
40.920856,-82.28118,0.1,"Human","Missing data/not specified/undetermined","6/9/2020","Ashland County"
40.173792,-82.055871,0.5,"Human","Debris and open burning","1/22/2020","Coshocton County"
40.446002,-82.25219,0.02,"Human","Arson/incendiarism","3/11/2020","Knox County"
40.954311,-82.408285,0.1,"Human","Debris and open burning","3/14/2020","Ashland County"
39.11725,-82.867026,6,"Human","Missing data/not specified/undetermined","3/9/2020","Pike County"
39.518861,-82.287017,1,"Human","Debris and open burning","8/20/2020","Hocking County"
40.429677,-82.352073,0.01,"Human","Debris and open burning","4/6/2020","Knox County"
38.866985,-83.787892,0.1,"Human","Debris and open burning","7/28/2020","Brown County"
39.962811,-81.497026,6,"Human","Missing data/not specified/undetermined","11/19/2020","Guernsey County"
39.11694,-82.052348,0.25,"Human","Debris and open burning","3/8/2020","Meigs County"
40.489423,-82.268646,0.1,"Human","Debris and open burning","10/9/2020","Knox County"
40.48596,-82.211434,0.1,"Human","Debris and open burning","4/25/2020","Knox County"
39.5902137,-82.22272593,0.1,"Human","Equipment and vehicle use","3/10/2020","Perry County"
39.63787371,-82.25884394,0.1,"Human","Debris and open burning","9/21/2020","Perry County"
39.47577468,-82.33847096,0.25,"Human","Arson/incendiarism","10/23/2020","Hocking County"
39.49197969,-82.21258692,0.1,"Human","Recreation and ceremony","6/13/2020","Hocking County"
39.48122268,-82.22249392,0.1,"Human","Equipment and vehicle use","9/26/2020","Hocking County"
39.50247968,-82.30447595,0.5,"Human","Debris and open burning","4/6/2020","Hocking County"
39.51495169,-82.28328194,0.3,"Human","Other causes","11/20/2020","Hocking County"
39.56012031,-82.31917259,0.5,"Human","Debris and open burning","3/8/2020","Hocking County"
38.66193252,-82.3489439,3.1,"Human","Arson/incendiarism","4/3/2020","Gallia County"
38.60897951,-82.3735039,0.1,"Human","Recreation and ceremony","10/6/2020","Lawrence County"
38.64999612,-82.33166128,3.1,"Human","Arson/incendiarism","3/8/2020","Gallia County"
39.41061867,-82.20483691,9.5,"Human","Debris and open burning","11/16/2020","Athens County"
39.47334068,-82.23055992,0.1,"Human","Arson/incendiarism","8/20/2020","Hocking County"
38.73523753,-82.52298096,0.1,"Human","Debris and open burning","12/18/2020","Lawrence County"
38.75470152,-82.63239299,0.1,"Human","Debris and open burning","11/6/2020","Lawrence County"
38.77949868,-82.50243243,4,"Human","Recreation and ceremony","3/29/2020","Gallia County"
38.77667454,-82.44389294,0.3,"Human","Debris and open burning","3/8/2020","Gallia County"
38.75456752,-82.649334,0.5,"Human","Debris and open burning","11/8/2020","Lawrence County"
38.78546524,-82.62093993,0.3,"Human","Equipment and vehicle use","3/29/2020","Lawrence County"
38.82770154,-82.51297596,3.2,"Human","Debris and open burning","1/14/2020","Gallia County"
38.82652822,-82.59341728,0.1,"Human","Debris and open burning","3/9/2020","Lawrence County"
38.57609058,-82.57973823,122,"Human","Arson/incendiarism","11/10/2020","Lawrence County"
38.5840075,-82.45026393,0.1,"Human","Debris and open burning","8/19/2020","Lawrence County"
38.5913695,-82.57178796,7.8,"Human","Arson/incendiarism","11/10/2020","Lawrence County"
38.61590921,-82.6643631,2.12,"Human","Debris and open burning","11/19/2020","Lawrence County"
38.65470151,-82.46325393,0.5,"Human","Debris and open burning","2/2/2020","Lawrence County"
38.62484531,-82.65964053,0.1,"Human","Equipment and vehicle use","3/29/2020","Lawrence County"
38.60450749,-82.67039299,1,"Human","Debris and open burning","1/9/2020","Lawrence County"
38.68042451,-82.69125401,0.25,"Human","Fireworks","7/4/2020","Lawrence County"
38.71509087,-82.59304196,0.15,"Human","Debris and open burning","3/8/2020","Lawrence County"
38.49621036,-82.63857591,0.1,"Human","Power generation/transmission/distribution","3/29/2020","Lawrence County"
38.50003547,-82.63647398,0.3,"Human","Debris and open burning","3/9/2020","Lawrence County"
38.53637618,-82.62541797,0.3,"Human","Debris and open burning","3/30/2020","Lawrence County"
38.53453548,-82.65500398,0.1,"Human","Debris and open burning","11/17/2020","Lawrence County"
38.50891664,-82.64565764,12.5,"Human","Other causes","11/16/2020","Lawrence County"
38.54167448,-82.61933697,0.1,"Human","Debris and open burning","2/24/2020","Lawrence County"
38.55701049,-82.62864798,0.3,"Human","Debris and open burning","11/5/2020","Lawrence County"
38.55756285,-82.66659958,0.5,"Human","Debris and open burning","4/4/2020","Lawrence County"
38.6459575,-82.691454,0.7,"Human","Debris and open burning","11/5/2020","Lawrence County"
38.56375748,-82.75350402,0.1,"Human","Equipment and vehicle use","1/30/2020","Lawrence County"
38.7041309,-82.73796037,17.5,"Natural","Natural","3/29/2020","Scioto County"
38.60410349,-82.680825,0.1,"Human","Debris and open burning","11/9/2020","Lawrence County"
38.56026769,-82.68328667,0.2,"Human","Power generation/transmission/distribution","4/29/2020","Lawrence County"
39.60656826,-81.16050967,1,"Human","Power generation/transmission/distribution","3/12/2020","Monroe County"
39.64000775,-81.32120366,3,"Human","Debris and open burning","11/7/2020","Noble County"
39.5185637,-82.05139287,0.5,"Human","Debris and open burning","4/4/2020","Athens County"
39.5260267,-82.09461089,0.1,"Human","Debris and open burning","11/2/2020","Athens County"
39.50306369,-82.08472588,0.1,"Human","Debris and open burning","8/26/2020","Athens County"
39.5293717,-82.08594388,0.2,"Human","Power generation/transmission/distribution","3/29/2020","Athens County"
39.52503574,-81.17203161,0.1,"Human","Missing data/not specified/undetermined","3/7/2020","Washington County"
39.53507475,-81.04788657,0.3,"Human","Power generation/transmission/distribution","11/19/2020","Washington County"
39.55497031,-82.05750579,4.9,"Missing data/not specified/undetermined","Missing data/not specified/undetermined","11/20/2020","Perry County"
39.58400771,-82.09422589,0.5,"Human","Equipment and vehicle use","6/11/2020","Perry County"
39.59545174,-81.33891166,18,"Human","Debris and open burning","4/27/2020","Noble County"
39.38937167,-82.05724787,0.1,"Human","Missing data/not specified/undetermined","6/2/2020","Athens County"
39.40139667,-82.10055988,0.1,"Missing data/not specified/undetermined","Missing data/not specified/undetermined","4/21/2020","Athens County"
39.41286867,-82.12044789,0.1,"Human","Power generation/transmission/distribution","3/29/2020","Athens County"
39.47730769,-82.06052387,0.3,"Human","Power generation/transmission/distribution","7/7/2020","Athens County"
39.46898369,-82.08978588,0.1,"Human","Debris and open burning","11/16/2020","Athens County"
39.48440555,-82.05978663,0.8,"Human","Debris and open burning","3/8/2020","Athens County"
39.47789669,-82.06497587,0.1,"Human","Debris and open burning","3/9/2020","Athens County"
39.36997967,-82.06628187,0.5,"Human","Power generation/transmission/distribution","3/29/2020","Athens County"
39.33514667,-81.98689384,0.5,"Human","Power generation/transmission/distribution","3/29/2020","Athens County"
39.37978567,-82.06430987,0.1,"Human","Power generation/transmission/distribution","3/29/2020","Athens County"
39.37926679,-82.08614775,1,"Human","Debris and open burning","3/8/2020","Athens County"
39.3697038,-81.30792166,0.1,"Human","Power generation/transmission/distribution","7/10/2020","Washington County"
39.45864672,-81.1712836,22,"Human","Recreation and ceremony","11/9/2020","Washington County"
39.43195171,-81.33683365,0.1,"Human","Debris and open burning","11/9/2020","Washington County"