35.075,-84.62666667,0.1,"Human","Equipment and vehicle use","9/15/2019","Polk County"
36,-82,0.1,"Natural","Natural","9/28/2019","Unicoi County"
36.40527778,-82.19583333,83,"Human","Arson/incendiarism","3/20/2019","Sullivan County"
35.8975,-83.11833333,0.1,"Human","Arson/incendiarism","10/4/2019","Cocke County"
36.55916667,-82.00944444,8,"Human","Arson/incendiarism","3/14/2019","Sullivan County"
36.32888889,-82.04194444,0.1,"Human","Debris and open burning","9/2/2019","Carter County"
36.21694444,-82.12527778,0.1,"Human","Arson/incendiarism","10/5/2019","Carter County"
35.18166667,-84.31166667,0.25,"Human","Arson/incendiarism","9/24/2019","Polk County"
36.08638889,-82.68972222,0.1,"Human","Equipment and vehicle use","7/17/2019","Cocke County"
35.07777778,-84.62138889,2.43,"Human","Recreation and ceremony","9/22/2019","Polk County"
36.47638889,-88.03166667,0.5,"Human","Arson/incendiarism","3/28/2019","Stewart County"
35.10472222,-84.61583333,0.25,"Human","Missing data/not specified/undetermined","2/2/2019","Polk County"
35.88805556,-83.12666667,0.1,"Human","Equipment and vehicle use","10/5/2019","Cocke County"
35.33861111,-84.20805556,0.1,"Human","Arson/incendiarism","5/29/2019","Monroe County"
35.36833333,-84.13277778,2.51,"Human","Arson/incendiarism","3/24/2019","Monroe County"
36.40777778,-82.205,0.1,"Human","Debris and open burning","5/30/2019","Sullivan County"
36.24055556,-82.15277778,10.5,"Human","Arson/incendiarism","10/5/2019","Carter County"
36.32888889,-82.04194444,0.1,"Human","Equipment and vehicle use","11/25/2019","Carter County"
35.10916667,-84.60416667,0.1,"Natural","Natural","8/14/2019","Polk County"
36.00722222,-82.89,0.25,"Human","Arson/incendiarism","9/23/2019","Greene County"
35.0264,-85.3511,0.1,"Natural","Natural","1/12/2019",""
35.0269,-85.3594,0.1,"Human","Missing data/not specified/undetermined","3/17/2019",""
35.0264,-85.3531,0.1,"Human","Missing data/not specified/undetermined","3/24/2019",""
35.0211,-85.3419,0.1,"Human","Missing data/not specified/undetermined","3/31/2019",""
36.5317,-83.8053,7,"Human","Missing data/not specified/undetermined","10/4/2019",""
35.6978,-87.2925,0.1,"Human","Equipment and vehicle use","3/29/2019",""
35.9864,-86.9919,0.1,"Human","Smoking","9/6/2019",""
36.5489,-84.665,0.1,"Human","Recreation and ceremony","5/24/2019",""
36.7264,-84.5436,0.1,"Human","Recreation and ceremony","10/1/2019",""
36.4183,-84.7353,0.1,"Human","Recreation and ceremony","10/5/2019",""
36.4078,-84.6678,0.1,"Human","Recreation and ceremony","10/9/2019",""
36.3539,-84.38,0.1,"Human","Recreation and ceremony","10/12/2019",""
36.6219,-84.69,0.1,"Human","Recreation and ceremony","10/13/2019",""
35.7339,-83.5844,10,"Natural","Natural","10/5/2019",""
35.6394,-83.71414,0.1,"Human","Recreation and ceremony","10/1/2019",""
35.6797,-83.6556,0.1,"Human","Equipment and vehicle use","12/30/2019",""
35.735,-83.5183,0.1,"Human","Power generation/transmission/distribution","1/23/2019",""
35.60927,-83.12558,0.1,"Natural","Natural","6/22/2019",""
35.717765,-83.8165,0.1,"Human","Recreation and ceremony","8/15/2019",""
35.5875,-83.8119,0.1,"Human","Equipment and vehicle use","10/2/2019",""
35.9979,-87.459017,7.8,"Human","Power generation/transmission/distribution","3/28/2019","Dickson County"
36.351883,-83.774383,3,"Human","Debris and open burning","3/7/2019","Union County"
36.2234,-88.1717,0.2,"Missing data/not specified/undetermined","Missing data/not specified/undetermined","4/24/2019","Henry County"
36.29165,-87.9818,3.6,"Human","Debris and open burning","8/19/2019","Benton County"
36.31765,-88.625117,1.5,"Human","Debris and open burning","2/3/2019","Weakley County"
35.989133,-84.838417,6,"Human","Debris and open burning","3/30/2019","Cumberland County"
35.3338,-87.0923,1,"Human","Debris and open burning","11/21/2019","Giles County"
36.088233,-87.216817,1,"Human","Missing data/not specified/undetermined","3/20/2019","Dickson County"
34.99445,-84.4632,1,"Human","Debris and open burning","4/3/2019","Polk County"
36.341783,-84.09985,25,"Human","Debris and open burning","3/30/2019","Campbell County"
35.820983,-87.62485,28,"Missing data/not specified/undetermined","Missing data/not specified/undetermined","9/28/2019","Hickman County"
35.812617,-85.18705,10,"Human","Debris and open burning","4/18/2019","Cumberland County"
35.402183,-84.829883,10,"Human","Debris and open burning","9/7/2019","McMinn County"
36.431883,-87.819167,26,"Human","Equipment and vehicle use","8/17/2019","Stewart County"
34.99315,-85.476717,5.2,"Human","Railroad operations and maintenance","9/25/2019","Marion County"
35.497083,-85.655133,0.1,"Human","Debris and open burning","10/2/2019","Grundy County"
35.667283,-85.781717,1.7,"Missing data/not specified/undetermined","Missing data/not specified/undetermined","10/3/2019","Warren County"
35.2104,-85.6847,19.3,"Missing data/not specified/undetermined","Missing data/not specified/undetermined","10/2/2019","Marion County"
35.2105,-87.3598,1,"Human","Equipment and vehicle use","9/24/2019","Lawrence County"
35.4529,-86.254683,0.1,"Human","Debris and open burning","9/23/2019","Bedford County"
35.2687,-87.5025,1,"Human","Debris and open burning","9/25/2019","Lawrence County"
35.8521,-85.112983,60,"Missing data/not specified/undetermined","Missing data/not specified/undetermined","11/21/2019","Cumberland County"
35.03445,-87.7039,2,"Missing data/not specified/undetermined","Missing data/not specified/undetermined","9/8/2019","Wayne County"
35.718033,-86.095283,0.7,"Human","Debris and open burning","12/9/2019","Cannon County"
35.20175,-87.762317,20,"Human","Missing data/not specified/undetermined","9/28/2019","Wayne County"
36.1818,-82.735083,0.1,"Human","Power generation/transmission/distribution","2/4/2019","Greene County"
35.407317,-86.914433,3.5,"Human","Debris and open burning","3/22/2019","Marshall County"
36.12425,-84.652383,3,"Human","Debris and open burning","3/22/2019","Morgan County"
36.363017,-88.55685,0.3,"Human","Equipment and vehicle use","10/10/2019","Weakley County"
35.8752,-88.503467,6,"Human","Equipment and vehicle use","11/4/2019","Carroll County"
35.7187,-84.998167,3.5,"Missing data/not specified/undetermined","Missing data/not specified/undetermined","2/14/2019","Bledsoe County"
36.034417,-88.503983,3,"Human","Debris and open burning","11/19/2019","Carroll County"
35.018183,-88.41625,1.3,"Human","Debris and open burning","12/4/2019","McNairy County"
36.474767,-84.286417,244,"Missing data/not specified/undetermined","Missing data/not specified/undetermined","4/11/2019","Campbell County"
35.44695,-85.706733,2,"Human","Debris and open burning","3/23/2019","Grundy County"
35.043083,-88.205067,16,"Missing data/not specified/undetermined","Missing data/not specified/undetermined","4/11/2019","Hardin County"
35.50185,-86.777033,0.5,"Missing data/not specified/undetermined","Missing data/not specified/undetermined","10/4/2019","Marshall County"
35.1098,-87.1552,2,"Human","Debris and open burning","11/18/2019","Giles County"
36.042967,-89.64665,0.5,"Missing data/not specified/undetermined","Missing data/not specified/undetermined","7/9/2019","Dyer County"
36.471267,-88.138533,6.5,"Human","Debris and open burning","9/16/2019","Henry County"
36.270533,-88.58555,0.1,"Human","Missing data/not specified/undetermined","2/3/2019","Weakley County"
35.3691,-86.76735,2,"Human","Debris and open burning","12/16/2019","Marshall County"
35.693783,-89.704233,1,"Human","Debris and open burning","3/26/2019","Lauderdale County"
36.009167,-84.5239,1,"Missing data/not specified/undetermined","Missing data/not specified/undetermined","9/16/2019","Morgan County"
36.1344,-83.923083,1,"Missing data/not specified/undetermined","Missing data/not specified/undetermined","9/24/2019","Knox County"
36.37985,-81.884083,2.5,"Human","Debris and open burning","5/1/2019","Johnson County"
35.337583,-85.330183,3.5,"Human","Debris and open burning","9/28/2019","Sequatchie County"
35.9983,-85.307133,0.3,"Human","Debris and open burning","5/21/2019","Putnam County"
36.01095,-85.263817,11,"Human","Debris and open burning","3/17/2019",""
35.832917,-85.900083,0.1,"Human","Debris and open burning","9/25/2019","Cannon County"
35.475167,-84.871167,10,"Missing data/not specified/undetermined","Missing data/not specified/undetermined","10/2/2019","Meigs County"
35.371133,-84.99345,2,"Human","Other causes","10/5/2019","Meigs County"
35.191167,-84.297933,0.1,"Human","Debris and open burning","10/14/2019","Polk County"
35.9131,-84.867833,8,"Missing data/not specified/undetermined","Missing data/not specified/undetermined","11/19/2019","Cumberland County"
36.018267,-87.249,3,"Human","Equipment and vehicle use","9/18/2019","Dickson County"
36.150933,-84.5919,52,"Missing data/not specified/undetermined","Missing data/not specified/undetermined","3/22/2019","Morgan County"
35.115183,-88.575633,1,"Human","Debris and open burning","9/28/2019","McNairy County"
36.31435,-85.487867,80,"Human","Debris and open burning","3/18/2019","Overton County"
36.166466,-83.169467,75,"Human","Equipment and vehicle use","9/23/2019","Cocke County"
36.484667,-83.2452,0.1,"Missing data/not specified/undetermined","Missing data/not specified/undetermined","10/9/2019","Hancock County"
36.5422,-84.565133,0.5,"Human","Debris and open burning","4/18/2019","Scott County"
35.443917,-84.397833,3.7,"Missing data/not specified/undetermined","Missing data/not specified/undetermined","9/3/2019","Monroe County"
36.435167,-83.268217,3,"Human","Debris and open burning","11/18/2019","Hancock County"
36.353817,-88.58595,2,"Human","Missing data/not specified/undetermined","4/29/2019","Weakley County"
35.8208,-88.092683,5,"Human","Debris and open burning","3/27/2019","Decatur County"
36.266583,-84.17385,8,"Missing data/not specified/undetermined","Missing data/not specified/undetermined","3/20/2019","Campbell County"
35.21535,-85.772483,7,"Human","Misuse of fire by a minor","3/28/2019","Grundy County"
35.066833,-87.8401,1.5,"Missing data/not specified/undetermined","Missing data/not specified/undetermined","11/28/2019","Wayne County"
36.0992,-88.514483,1,"Human","Equipment and vehicle use","9/5/2019","Carroll County"
35.466717,-88.053767,45,"Human","Debris and open burning","9/30/2019","Decatur County"
35.897617,-85.857367,82.4,"Human","Debris and open burning","11/21/2019","DeKalb County"
36.301883,-84.642267,36,"Missing data/not specified/undetermined","Missing data/not specified/undetermined","3/25/2019","Morgan County"
35.395333,-85.680933,0.1,"Human","Debris and open burning","4/30/2019","Grundy County"
35.4377,-85.42465,0.5,"Human","Debris and open burning","9/8/2019","Sequatchie County"
35.403417,-85.69255,0.1,"Human","Equipment and vehicle use","9/19/2019","Grundy County"
35.3064,-85.113667,2,"Human","Debris and open burning","9/19/2019","Hamilton County"
35.2289,-84.768083,29,"Human","Equipment and vehicle use","9/5/2019","Bradley County"
35.611183,-85.960533,4.7,"Human","Debris and open burning","10/13/2019","Coffee County"
35.345,-85.68005,1,"Human","Debris and open burning","9/28/2019","Grundy County"
35.0036,-84.336583,1,"Human","Debris and open burning","10/24/2019","Polk County"
35.901717,-84.944867,2,"Missing data/not specified/undetermined","Missing data/not specified/undetermined","11/19/2019","Cumberland County"
35.222283,-85.7938,4.7,"Missing data/not specified/undetermined","Missing data/not specified/undetermined","12/6/2019","Marion County"
35.9882,-87.304067,2,"Human","Power generation/transmission/distribution","3/26/2019","Dickson County"
36.238,-84.829583,3,"Human","Missing data/not specified/undetermined","3/25/2019","Morgan County"
36.3247,-88.865667,1,"Human","Debris and open burning","9/20/2019","Weakley County"
36.079033,-88.51685,6,"Human","Equipment and vehicle use","10/4/2019","Carroll County"
36.195567,-89.0815,20,"Human","Debris and open burning","10/2/2019","Gibson County"
35.3689,-85.0904,0.3,"Human","Other causes","2/3/2019","Hamilton County"
35.115083,-85.094817,2.4,"Human","Recreation and ceremony","3/22/2019","Hamilton County"
35.95895,-88.783733,30,"Human","Debris and open burning","12/5/2019","Gibson County"
36.382817,-84.193917,115,"Missing data/not specified/undetermined","Missing data/not specified/undetermined","10/5/2019","Campbell County"
36.364117,-82.70935,3,"Human","Recreation and ceremony","12/28/2019","Greene County"
35.081517,-87.1011,6,"Human","Debris and open burning","1/10/2019","Giles County"
35.560083,-89.6177,0.5,"Human","Debris and open burning","3/27/2019","Tipton County"
36.3356,-88.02555,1,"Human","Debris and open burning","9/1/2019","Benton County"
36.301217,-89.347817,2,"Human","Missing data/not specified/undetermined","3/7/2019","Obion County"
36.579367,-82.740417,7,"Human","Debris and open burning","9/11/2019","Hawkins County"
35.5949,-84.415867,0.1,"Human","Power generation/transmission/distribution","9/13/2019","Monroe County"
35.607633,-87.3851,2.5,"Human","Debris and open burning","3/17/2019","Lewis County"
35.322683,-85.088633,17,"Human","Debris and open burning","4/17/2019","Hamilton County"
35.324033,-84.472817,2,"Missing data/not specified/undetermined","Missing data/not specified/undetermined","4/3/2019","McMinn County"
35.456,-84.534217,5,"Human","Debris and open burning","9/17/2019","McMinn County"
36.400117,-88.639433,1,"Human","Debris and open burning","4/29/2019","Weakley County"
36.252267,-85.0277,8,"Human","Debris and open burning","4/30/2019","Fentress County"
35.32255,-85.089917,1,"Missing data/not specified/undetermined","Missing data/not specified/undetermined","9/7/2019","Hamilton County"
35.2216,-85.422867,0.3,"Missing data/not specified/undetermined","Missing data/not specified/undetermined","9/18/2019","Marion County"
35.7767,-86.138183,2.1,"Human","Debris and open burning","9/21/2019","Cannon County"
35.349617,-87.808883,8,"Natural","Natural","7/4/2019","Wayne County"
35.517683,-85.928717,3.5,"Human","Equipment and vehicle use","10/4/2019","Coffee County"
35.17875,-84.307283,0.1,"Natural","Natural","10/8/2019","Polk County"
35.654633,-85.252633,5,"Missing data/not specified/undetermined","Missing data/not specified/undetermined","11/17/2019","Bledsoe County"
35.377483,-85.594467,3.4,"Human","Debris and open burning","12/5/2019","Grundy County"
35.928883,-85.555,6,"Human","Debris and open burning","12/7/2019","White County"
36.184267,-87.07325,3,"Human","Debris and open burning","10/5/2019","Cheatham County"
35.76375,-87.932083,23.5,"Missing data/not specified/undetermined","Missing data/not specified/undetermined","3/22/2019","Perry County"
36.402233,-87.790867,4.5,"Human","Debris and open burning","3/23/2019","Stewart County"
35.75515,-84.1922,1.3,"Human","Debris and open burning","3/30/2019","Loudon County"
35.1227,-85.848433,9.1,"Human","Debris and open burning","2/2/2019","Marion County"
36.100283,-88.185583,2,"Missing data/not specified/undetermined","Missing data/not specified/undetermined","10/5/2019","Benton County"
35.473783,-84.296867,0.1,"Human","Debris and open burning","3/30/2019","Monroe County"
36.023817,-88.356883,7,"Human","Debris and open burning","11/25/2019","Carroll County"
36.085283,-89.4569,0.1,"Human","Debris and open burning","12/5/2019","Dyer County"
36.0502,-84.575333,20,"Missing data/not specified/undetermined","Missing data/not specified/undetermined","10/5/2019","Morgan County"
36.159017,-82.961117,1,"Missing data/not specified/undetermined","Missing data/not specified/undetermined","10/10/2019","Greene County"
36.2245,-84.0428,4,"Human","Missing data/not specified/undetermined","4/22/2019","Anderson County"
35.2377,-86.9108,0.1,"Human","Debris and open burning","10/5/2019","Giles County"
36.032067,-87.20845,10,"Human","Equipment and vehicle use","11/10/2019","Dickson County"
36.198417,-88.734967,10,"Human","Equipment and vehicle use","6/10/2019","Weakley County"
36.044117,-88.452883,0.5,"Human","Equipment and vehicle use","9/5/2019","Carroll County"
36.175083,-88.2653,1,"Missing data/not specified/undetermined","Missing data/not specified/undetermined","9/16/2019","Henry County"
36.218617,-89.413217,25,"Missing data/not specified/undetermined","Missing data/not specified/undetermined","9/22/2019","Obion County"
36.22065,-88.546667,0.1,"Human","Debris and open burning","3/18/2019","Weakley County"
35.4677,-85.317917,15,"Human","Recreation and ceremony","3/28/2019","Bledsoe County"
35.443917,-84.397833,2,"Human","Debris and open burning","9/25/2019","Monroe County"
35.698433,-87.695567,1.5,"Human","Fireworks","3/16/2019","Hickman County"
36.419067,-85.87605,5.6,"Human","Debris and open burning","4/3/2019","Macon County"
35.354975,-85.103622,0.2,"Human","Debris and open burning","4/3/2019","Hamilton County"
35.470233,-84.57185,1,"Human","Recreation and ceremony","10/5/2019","McMinn County"
36.41885,-84.420817,140,"Human","Debris and open burning","4/17/2019","Scott County"
35.113183,-88.341867,2.5,"Human","Debris and open burning","5/25/2019","Hardin County"
36.219767,-87.449067,8,"Human","Debris and open burning","8/17/2019","Dickson County"
35.492117,-85.219383,0.1,"Human","Recreation and ceremony","9/25/2019","Bledsoe County"
35.695383,-86.018683,3.2,"Missing data/not specified/undetermined","Missing data/not specified/undetermined","9/25/2019","Cannon County"
36.152767,-87.673767,1,"Missing data/not specified/undetermined","Missing data/not specified/undetermined","9/22/2019","Humphreys County"
35.481267,-84.737783,6.9,"Missing data/not specified/undetermined","Missing data/not specified/undetermined","12/8/2019","McMinn County"
36.433833,-83.86135,25,"Missing data/not specified/undetermined","Missing data/not specified/undetermined","2/3/2019","Claiborne County"
35.5084,-87.384267,14.2,"Missing data/not specified/undetermined","Missing data/not specified/undetermined","3/21/2019","Lewis County"
35.330933,-86.826367,13.7,"Human","Debris and open burning","3/23/2019","Marshall County"
36.258117,-83.426817,1,"Missing data/not specified/undetermined","Missing data/not specified/undetermined","3/29/2019","Grainger County"
35.923183,-88.4798,3,"Human","Debris and open burning","10/3/2019","Carroll County"
36.371867,-88.929267,1,"Human","Equipment and vehicle use","10/24/2019","Weakley County"
35.478633,-84.806133,6,"Missing data/not specified/undetermined","Missing data/not specified/undetermined","2/27/2019","Meigs County"
36.1048,-84.788933,1,"Missing data/not specified/undetermined","Missing data/not specified/undetermined","4/10/2019","Morgan County"
36.316333,-84.470217,47,"Missing data/not specified/undetermined","Missing data/not specified/undetermined","10/5/2019","Scott County"
35.906983,-87.279867,10,"Human","Equipment and vehicle use","10/4/2019","Hickman County"
36.409233,-87.96375,8,"Human","Equipment and vehicle use","10/5/2019","Stewart County"
35.3793,-86.287,1,"Human","Equipment and vehicle use","9/19/2019","Moore County"
36.46765,-84.523233,2.5,"Human","Debris and open burning","3/23/2019","Scott County"
35.7833,-88.200533,1,"Human","Equipment and vehicle use","9/6/2019","Henderson County"
36.506283,-83.0391,150,"Missing data/not specified/undetermined","Missing data/not specified/undetermined","3/20/2019","Hancock County"
35.381733,-88.8062,0.2,"Missing data/not specified/undetermined","Missing data/not specified/undetermined","3/20/2019","Chester County"
35.448,-85.758883,1.4,"Human","Debris and open burning","3/28/2019","Grundy County"
35.689183,-84.998583,1,"Human","Debris and open burning","3/27/2019","Rhea County"
36.4231,-83.876883,1,"Human","Debris and open burning","9/17/2019","Claiborne County"
36.251367,-84.346733,86.4,"Missing data/not specified/undetermined","Missing data/not specified/undetermined","9/22/2019","Campbell County"
36.243917,-82.909483,11,"Human","Debris and open burning","10/5/2019","Greene County"
36.428367,-87.98835,28,"Missing data/not specified/undetermined","Missing data/not specified/undetermined","3/17/2019","Stewart County"
35.5118,-85.457867,5,"Human","Debris and open burning","4/16/2019","Sequatchie County"
35.1306,-87.1813,4,"Human","Debris and open burning","3/21/2019","Giles County"
35.0064,-87.5986,3.5,"Missing data/not specified/undetermined","Missing data/not specified/undetermined","3/29/2019","Lawrence County"
35.719917,-85.350883,5,"Human","Debris and open burning","9/19/2019","Van Buren County"
35.130817,-85.004767,1,"Human","Missing data/not specified/undetermined","9/23/2019","Bradley County"
35.451883,-84.8115,1,"Human","Other causes","9/25/2019","Meigs County"
36.19925,-87.439117,12,"Human","Equipment and vehicle use","9/22/2019","Dickson County"
35.706217,-85.104333,15,"Human","Debris and open burning","3/17/2019","Bledsoe County"
36.549083,-82.307933,0.1,"Human","Other causes","3/24/2019","Sullivan County"
36.100567,-83.76645,0.5,"Missing data/not specified/undetermined","Missing data/not specified/undetermined","3/30/2019","Knox County"
36.173833,-88.278683,4,"Human","Debris and open burning","11/20/2019","Henry County"
35.975833,-89.339783,1,"Human","Equipment and vehicle use","12/4/2019","Dyer County"
36.110733,-84.996317,100,"Human","Debris and open burning","3/19/2019","Cumberland County"
35.324033,-87.188067,5,"Human","Debris and open burning","1/8/2019","Giles County"
35.2829,-87.7538,0.5,"Human","Other causes","1/22/2019","Wayne County"
35.174783,-88.574867,1.5,"Human","Debris and open burning","3/23/2019","McNairy County"
36.065933,-89.441633,3,"Human","Debris and open burning","4/3/2019","Dyer County"
35.498883,-88.742667,0.1,"Human","Smoking","9/16/2019","Madison County"
35.7045,-84.3411,1.3,"Human","Debris and open burning","3/23/2019","Loudon County"
35.129083,-88.672167,1.6,"Human","Power generation/transmission/distribution","3/13/2019","McNairy County"
36.1431,-89.24495,6,"Human","Debris and open burning","3/28/2019","Dyer County"
35.442783,-87.913533,18,"Human","Equipment and vehicle use","2/2/2019","Wayne County"
36.540867,-83.2229,0.1,"Human","Missing data/not specified/undetermined","9/16/2019","Hancock County"
36.104583,-84.820217,40,"Human","Debris and open burning","9/9/2019","Morgan County"
35.296733,-84.29585,4.4,"Human","Debris and open burning","9/25/2019","Monroe County"
35.9736,-83.141367,2,"Missing data/not specified/undetermined","Missing data/not specified/undetermined","9/22/2019","Cocke County"
36.26255,-87.851117,0.6,"Human","Other causes","12/9/2019","Houston County"
35.9211,-87.382,8,"Human","Other causes","3/13/2019","Hickman County"
35.915867,-87.424267,10,"Human","Debris and open burning","3/23/2019","Hickman County"
36.475983,-85.513133,0.3,"Human","Debris and open burning","4/4/2019","Clay County"
35.765267,-85.7384,5.5,"Human","Debris and open burning","3/23/2019","Warren County"
35.468583,-85.763467,2.4,"Human","Debris and open burning","4/10/2019","Grundy County"
35.626617,-85.499117,1,"Human","Debris and open burning","4/17/2019","Van Buren County"
36.322683,-88.121967,2,"Missing data/not specified/undetermined","Missing data/not specified/undetermined","9/28/2019","Henry County"
35.629633,-84.83035,0.1,"Missing data/not specified/undetermined","Missing data/not specified/undetermined","8/6/2019","Rhea County"
35.422417,-84.846867,3,"Human","Debris and open burning","8/17/2019","Meigs County"
35.988483,-84.834967,2,"Human","Debris and open burning","4/4/2019","Cumberland County"
35.622417,-84.568683,2,"Missing data/not specified/undetermined","Missing data/not specified/undetermined","9/22/2019","McMinn County"
35.057333,-85.657333,3,"Human","Missing data/not specified/undetermined","9/22/2019","Marion County"
35.706367,-85.948517,47,"Human","Equipment and vehicle use","9/25/2019","Warren County"
36.018267,-87.249,0.1,"Human","Equipment and vehicle use","9/19/2019","Dickson County"
35.2707,-87.2662,2,"Human","Equipment and vehicle use","9/27/2019","Lawrence County"
36.128433,-84.711217,20,"Missing data/not specified/undetermined","Missing data/not specified/undetermined","2/14/2019","Morgan County"
36.322767,-83.457383,3,"Human","Debris and open burning","3/27/2019","Grainger County"
35.405183,-85.861033,9.8,"Missing data/not specified/undetermined","Missing data/not specified/undetermined","1/7/2019","Grundy County"
35.4152,-85.733083,14.9,"Missing data/not specified/undetermined","Missing data/not specified/undetermined","3/7/2019","Grundy County"
35.317083,-85.571817,1.5,"Missing data/not specified/undetermined","Missing data/not specified/undetermined","3/22/2019","Grundy County"
36.591767,-83.521183,13,"Missing data/not specified/undetermined","Missing data/not specified/undetermined","3/30/2019","Claiborne County"
35.77955,-83.669133,2,"Human","Debris and open burning","4/3/2019","Sevier County"
35.4245,-84.2741,0.1,"Human","Debris and open burning","4/4/2019","Monroe County"
35.39805,-84.384033,1.9,"Missing data/not specified/undetermined","Missing data/not specified/undetermined","4/4/2019","Monroe County"
36.38305,-88.7272,3,"Human","Debris and open burning","12/22/2019","Weakley County"
35.788433,-83.38615,3,"Natural","Natural","10/3/2019","Sevier County"
35.0975,-85.6411,3.3,"Human","Debris and open burning","3/20/2019","Marion County"
35.84025,-83.43605,7,"Human","Power generation/transmission/distribution","11/28/2019","Sevier County"
35.030033,-87.780233,0.5,"Human","Missing data/not specified/undetermined","11/17/2019","Wayne County"
35.593533,-87.384033,15,"Human","Debris and open burning","11/16/2019","Lewis County"
35.695633,-88.412817,1,"Human","Missing data/not specified/undetermined","3/29/2019","Henderson County"
36.05145,-88.402617,2,"Human","Debris and open burning","2/26/2019","Carroll County"
35.440883,-84.37755,18,"Missing data/not specified/undetermined","Missing data/not specified/undetermined","3/23/2019","Monroe County"
36.28805,-87.540417,1.2,"Human","Recreation and ceremony","11/19/2019","Houston County"
35.12035,-85.807017,4.4,"Human","Debris and open burning","3/27/2019","Marion County"
36.395517,-88.7272,0.1,"Human","Debris and open burning","3/27/2019","Weakley County"
36.007667,-85.109267,3.8,"Human","Debris and open burning","3/28/2019","Cumberland County"
35.0704,-86.8865,4,"Human","Equipment and vehicle use","8/16/2019","Giles County"
35.2188,-85.431483,0.8,"Missing data/not specified/undetermined","Missing data/not specified/undetermined","9/26/2019","Marion County"
35.152167,-84.646267,2.1,"Natural","Natural","9/30/2019","Polk County"
36.421017,-86.249033,0.1,"Human","Debris and open burning","10/3/2019","Trousdale County"
35.4712,-84.858267,0.3,"Missing data/not specified/undetermined","Missing data/not specified/undetermined","10/29/2019","Meigs County"
35.392183,-88.263733,24.5,"Missing data/not specified/undetermined","Missing data/not specified/undetermined","3/18/2019","Hardin County"
35.5595,-87.650617,0.3,"Human","Debris and open burning","3/28/2019","Lewis County"
35.498417,-87.539733,2,"Missing data/not specified/undetermined","Missing data/not specified/undetermined","3/28/2019","Lewis County"
36.047167,-88.124817,0.8,"Missing data/not specified/undetermined","Missing data/not specified/undetermined","9/19/2019","Benton County"
36.410183,-88.200017,12,"Human","Debris and open burning","9/30/2019","Henry County"
36.383,-88.728467,1,"Human","Debris and open burning","10/1/2019","Weakley County"
36.01685,-89.28885,0.3,"Human","Debris and open burning","10/23/2019","Dyer County"
35.740117,-85.22765,15,"Human","Debris and open burning","2/27/2019","Bledsoe County"
35.343983,-85.749117,5,"Missing data/not specified/undetermined","Missing data/not specified/undetermined","3/22/2019","Grundy County"
36.413533,-82.316967,0.1,"Human","Debris and open burning","10/5/2019","Sullivan County"
36.471833,-85.314833,2,"Human","Missing data/not specified/undetermined","3/24/2019","Overton County"
35.91865,-84.531983,2,"Missing data/not specified/undetermined","Missing data/not specified/undetermined","10/13/2019","Roane County"
36.538217,-84.151383,124,"Missing data/not specified/undetermined","Missing data/not specified/undetermined","11/18/2019","Campbell County"
36.4753,-87.78725,0.5,"Human","Missing data/not specified/undetermined","1/9/2019","Stewart County"
36.36335,-87.883783,42,"Missing data/not specified/undetermined","Missing data/not specified/undetermined","4/10/2019","Stewart County"
35.031867,-88.70795,4,"Human","Debris and open burning","4/6/2019","McNairy County"
36.37975,-84.001417,3.5,"Missing data/not specified/undetermined","Missing data/not specified/undetermined","3/24/2019","Campbell County"
36.278717,-88.667033,0.1,"Human","Missing data/not specified/undetermined","3/6/2019","Weakley County"
35.829433,-88.447667,3.5,"Human","Debris and open burning","3/19/2019","Carroll County"
36.325633,-88.74845,0.5,"Human","Debris and open burning","10/3/2019","Weakley County"
35.630133,-84.828783,0.5,"Missing data/not specified/undetermined","Missing data/not specified/undetermined","3/30/2019","Rhea County"
36.102383,-85.235433,20,"Human","Debris and open burning","4/4/2019","Putnam County"
35.4735,-84.851017,10,"Missing data/not specified/undetermined","Missing data/not specified/undetermined","6/3/2019","Meigs County"
35.775017,-84.9163,1,"Missing data/not specified/undetermined","Missing data/not specified/undetermined","11/19/2019","Cumberland County"
35.089,-88.310267,0.5,"Missing data/not specified/undetermined","Missing data/not specified/undetermined","4/30/2019","Hardin County"
36.434617,-87.819267,5,"Human","Missing data/not specified/undetermined","8/18/2019","Stewart County"
35.162633,-84.6202,1.1,"Natural","Natural","9/28/2019","Polk County"
35.725267,-87.580567,20,"Human","Debris and open burning","9/21/2019","Hickman County"
35.166033,-84.6213,0.1,"Human","Debris and open burning","10/17/2019","Polk County"
35.349433,-85.539133,17.3,"Missing data/not specified/undetermined","Missing data/not specified/undetermined","11/17/2019","Grundy County"
36.208367,-87.8465,2,"Human","Debris and open burning","9/12/2019","Humphreys County"
35.808,-85.1855,2,"Missing data/not specified/undetermined","Missing data/not specified/undetermined","10/14/2019","Cumberland County"
36.355283,-87.636917,0.2,"Human","Debris and open burning","9/29/2019","Houston County"
36.236883,-87.578033,0.5,"Missing data/not specified/undetermined","Missing data/not specified/undetermined","3/23/2019","Houston County"
36.099333,-84.76075,1,"Missing data/not specified/undetermined","Missing data/not specified/undetermined","3/20/2019","Morgan County"
35.159317,-85.655683,7.3,"Human","Debris and open burning","2/2/2019","Marion County"
36.261367,-88.583767,0.1,"Human","Equipment and vehicle use","10/5/2019","Weakley County"
35.359383,-85.6979,5.7,"Missing data/not specified/undetermined","Missing data/not specified/undetermined","3/18/2019","Grundy County"
36.089167,-82.793833,3.5,"Missing data/not specified/undetermined","Missing data/not specified/undetermined","4/4/2019","Greene County"
36.380383,-88.933367,0.1,"Human","Debris and open burning","12/12/2019","Weakley County"
36.395683,-88.13125,5,"Human","Debris and open burning","12/12/2019","Henry County"
35.920733,-84.177133,0.5,"Missing data/not specified/undetermined","Missing data/not specified/undetermined","10/1/2019","Knox County"
35.572883,-84.159183,0.1,"Missing data/not specified/undetermined","Missing data/not specified/undetermined","10/6/2019","Monroe County"
36.53175,-83.790383,7,"Human","Equipment and vehicle use","10/14/2019","Claiborne County"
35.60745,-84.343983,1,"Missing data/not specified/undetermined","Missing data/not specified/undetermined","7/8/2019","Monroe County"
36.344933,-83.2745,0.5,"Human","Debris and open burning","7/29/2019","Grainger County"
35.258317,-85.820817,14.2,"Human","Debris and open burning","3/23/2019","Grundy County"
36.016433,-82.832333,0.4,"Human","Debris and open burning","11/21/2019","Greene County"
36.300533,-88.038833,8,"Human","Debris and open burning","9/8/2019","Benton County"
36.5014,-88.855017,0.1,"Human","Debris and open burning","3/20/2019","Obion County"
35.06265,-88.610817,0.2,"Human","Railroad operations and maintenance","3/20/2019","McNairy County"
36.049267,-85.387283,5.5,"Human","Debris and open burning","4/4/2019","White County"
35.4167,-86.183917,6.2,"Missing data/not specified/undetermined","Missing data/not specified/undetermined","3/30/2019","Coffee County"
36.328983,-87.79075,5.1,"Missing data/not specified/undetermined","Missing data/not specified/undetermined","10/1/2019","Houston County"
35.2289,-84.768083,19,"Human","Equipment and vehicle use","9/2/2019","Bradley County"
35.863867,-83.814083,6.4,"Missing data/not specified/undetermined","Missing data/not specified/undetermined","9/10/2019","Blount County"
35.3667,-85.331667,1.3,"Human","Debris and open burning","9/28/2019","Sequatchie County"
35.437317,-85.0534,2,"Human","Missing data/not specified/undetermined","9/20/2019","Rhea County"
35.27655,-87.4996,17,"Human","Debris and open burning","9/21/2019","Lawrence County"
35.2278,-85.424133,1,"Human","Debris and open burning","10/13/2019","Marion County"
35.553067,-86.107717,53.3,"Human","Debris and open burning","11/21/2019","Coffee County"
35.2776,-87.1397,5,"Human","Equipment and vehicle use","9/5/2019","Giles County"
35.2489,-87.096733,2.5,"Human","Debris and open burning","9/11/2019","Giles County"
35.2115,-88.26495,0.1,"Missing data/not specified/undetermined","Missing data/not specified/undetermined","9/17/2019","Hardin County"
36.02095,-84.892767,0.1,"Human","Debris and open burning","9/25/2019","Cumberland County"
35.980133,-84.96055,1,"Missing data/not specified/undetermined","Missing data/not specified/undetermined","9/21/2019","Cumberland County"
36.128433,-84.711217,15,"Missing data/not specified/undetermined","Missing data/not specified/undetermined","1/26/2019","Morgan County"
35.1747,-87.0879,0.5,"Human","Debris and open burning","3/28/2019","Giles County"
36.13485,-84.7141,3,"Missing data/not specified/undetermined","Missing data/not specified/undetermined","3/20/2019","Morgan County"
36.151467,-84.605617,58,"Missing data/not specified/undetermined","Missing data/not specified/undetermined","3/19/2019","Morgan County"
35.039417,-88.4035,0.5,"Human","Debris and open burning","9/23/2019","McNairy County"
35.887283,-85.2842,4,"Human","Debris and open burning","3/22/2019","White County"
36.1375,-84.625133,0.5,"Human","Debris and open burning","3/30/2019","Morgan County"
36.039017,-84.568283,160,"Missing data/not specified/undetermined","Missing data/not specified/undetermined","3/28/2019","Morgan County"
35.00895,-88.501833,2,"Human","Debris and open burning","11/19/2019","McNairy County"
36.3927,-88.857733,0.3,"Human","Debris and open burning","12/5/2019","Weakley County"
35.62915,-84.317833,1,"Human","Debris and open burning","11/29/2019","Monroe County"
35.1289,-87.1612,1.5,"Missing data/not specified/undetermined","Missing data/not specified/undetermined","2/2/2019","Giles County"
35.281667,-87.525167,2,"Human","Debris and open burning","10/2/2019","Lawrence County"
36.415183,-83.353467,2,"Human","Debris and open burning","3/20/2019","Grainger County"
35.227367,-88.972933,2,"Human","Debris and open burning","3/28/2019","Hardeman County"
36.291167,-87.9813,28,"Human","Debris and open burning","3/28/2019","Benton County"
36.3334,-88.806667,1,"Human","Debris and open burning","3/20/2019","Weakley County"
36.5853,-84.23675,134,"Missing data/not specified/undetermined","Missing data/not specified/undetermined","3/23/2019","Campbell County"
35.37375,-84.8459,4,"Human","Debris and open burning","3/23/2019","McMinn County"
35.4314,-85.72585,0.1,"Missing data/not specified/undetermined","Missing data/not specified/undetermined","3/29/2019","Grundy County"
35.2178,-85.398767,12,"Missing data/not specified/undetermined","Missing data/not specified/undetermined","3/24/2019","Sequatchie County"
35.68545,-85.028,3,"Human","Equipment and vehicle use","3/23/2019","Bledsoe County"
35.972183,-84.4631,2,"Missing data/not specified/undetermined","Missing data/not specified/undetermined","9/12/2019","Roane County"
35.730783,-85.44475,0.3,"Human","Debris and open burning","4/2/2019","Van Buren County"
35.657417,-85.765533,0.8,"Human","Debris and open burning","3/28/2019","Warren County"
35.713483,-85.725817,1,"Human","Debris and open burning","3/30/2019","Warren County"
36.181333,-85.758717,5,"Human","Debris and open burning","4/10/2019","Putnam County"
35.433967,-85.791617,0.7,"Human","Debris and open burning","3/18/2019","Grundy County"
36.10815,-84.703267,2,"Human","Debris and open burning","10/6/2019","Morgan County"
35.354867,-84.513233,1,"Missing data/not specified/undetermined","Missing data/not specified/undetermined","10/4/2019","McMinn County"
36.565783,-86.6534,10,"Missing data/not specified/undetermined","Missing data/not specified/undetermined","3/22/2019","Robertson County"
35.7427,-83.576167,7,"Natural","Natural","10/5/2019","Sevier County"
35.225333,-85.452833,0.5,"Human","Missing data/not specified/undetermined","9/24/2019","Marion County"
35.57405,-86.625067,0.1,"Human","Debris and open burning","9/24/2019","Bedford County"
35.047283,-85.4254,3,"Human","Recreation and ceremony","11/19/2019","Marion County"
35.82575,-86.05365,1,"Human","Debris and open burning","1/28/2019","Cannon County"
35.82885,-87.99285,2,"Human","Debris and open burning","10/1/2019","Benton County"
36.1244,-85.007733,150,"Human","Debris and open burning","3/14/2019","Cumberland County"
35.929633,-88.796817,6.7,"Missing data/not specified/undetermined","Missing data/not specified/undetermined","12/26/2019","Gibson County"
36.51295,-82.741967,1,"Human","Debris and open burning","10/5/2019","Hawkins County"
36.367217,-82.8867,0.5,"Human","Debris and open burning","4/10/2019","Hawkins County"
36.581417,-83.78765,1.1,"Human","Missing data/not specified/undetermined","7/29/2019","Claiborne County"
36.048283,-87.608967,1.5,"Human","Equipment and vehicle use","10/4/2019","Humphreys County"
35.0457,-87.2018,1,"Human","Debris and open burning","11/20/2019","Giles County"
36.285883,-89.317917,3,"Missing data/not specified/undetermined","Missing data/not specified/undetermined","4/11/2019","Obion County"
36.30235,-88.18115,15,"Human","Debris and open burning","3/23/2019","Henry County"
35.405317,-85.465933,1.5,"Human","Debris and open burning","3/23/2019","Sequatchie County"
35.52075,-85.012833,10,"Human","Debris and open burning","3/28/2019","Rhea County"
35.373117,-84.995017,2,"Missing data/not specified/undetermined","Missing data/not specified/undetermined","3/24/2019","Meigs County"
36.1816,-83.967433,5,"Human","Debris and open burning","2/3/2019","Anderson County"
36.257417,-84.68945,1,"Missing data/not specified/undetermined","Missing data/not specified/undetermined","9/24/2019","Morgan County"
35.051017,-86.434833,5,"Human","Debris and open burning","12/5/2019","Lincoln County"
35.160367,-84.784933,3,"Human","Equipment and vehicle use","9/16/2019","Bradley County"
35.599933,-84.928967,2,"Human","Equipment and vehicle use","5/29/2019","Rhea County"
35.100183,-85.42415,0.3,"Missing data/not specified/undetermined","Missing data/not specified/undetermined","9/17/2019","Marion County"
35.9232,-85.1676,2,"Missing data/not specified/undetermined","Missing data/not specified/undetermined","11/17/2019","Cumberland County"
36.471583,-85.325483,1,"Human","Debris and open burning","9/23/2019","Overton County"
35.26565,-85.755017,1,"Human","Debris and open burning","9/24/2019","Grundy County"
36.41025,-84.811117,2,"Human","Debris and open burning","9/24/2019","Fentress County"
35.31995,-85.123683,1.3,"Human","Power generation/transmission/distribution","10/5/2019","Hamilton County"
35.5318,-86.6814,1.5,"Missing data/not specified/undetermined","Missing data/not specified/undetermined","9/23/2019","Marshall County"
35.45015,-85.366933,5,"Missing data/not specified/undetermined","Missing data/not specified/undetermined","11/21/2019","Sequatchie County"
36.212583,-84.325033,106,"Missing data/not specified/undetermined","Missing data/not specified/undetermined","3/30/2019","Campbell County"
36.478183,-88.879817,27,"Human","Equipment and vehicle use","9/28/2019","Obion County"
36.315767,-88.352283,5,"Human","Debris and open burning","10/2/2019","Henry County"
35.050133,-89.155733,2,"Missing data/not specified/undetermined","Missing data/not specified/undetermined","10/5/2019","Hardeman County"
36.04215,-84.20375,12,"Human","Railroad operations and maintenance","3/23/2019","Anderson County"
36.227767,-88.296867,0.3,"Human","Debris and open burning","11/19/2019","Henry County"
36.150167,-84.445383,1,"Human","Recreation and ceremony","9/28/2019","Morgan County"
35.522533,-84.230767,0.3,"Human","Power generation/transmission/distribution","4/11/2019","Monroe County"
35.527817,-84.20025,1.5,"Missing data/not specified/undetermined","Missing data/not specified/undetermined","4/16/2019","Monroe County"
36.09045,-82.437633,5,"Human","Debris and open burning","4/18/2019","Unicoi County"
35.624983,-84.3607,40,"Human","Equipment and vehicle use","5/29/2019","Monroe County"
36.128617,-85.46215,30,"Human","Debris and open burning","3/23/2019","Putnam County"
36.100517,-85.03785,22.4,"Human","Missing data/not specified/undetermined","3/24/2019","Cumberland County"
36.032983,-84.992883,12,"Human","Debris and open burning","3/27/2019","Cumberland County"
35.34635,-88.038433,3,"Human","Debris and open burning","4/6/2019","Hardin County"
35.3443,-87.2719,0.2,"Human","Debris and open burning","10/3/2019","Lawrence County"
35.1639,-87.2323,1,"Human","Other causes","11/15/2019","Lawrence County"
35.0976,-88.586133,5,"Human","Debris and open burning","4/2/2019","McNairy County"
36.146133,-88.96675,0.6,"Human","Debris and open burning","5/8/2019","Gibson County"
36.24655,-88.337833,0.3,"Human","Debris and open burning","3/19/2019","Henry County"
36.186283,-88.099983,38,"Human","Debris and open burning","3/18/2019","Benton County"
36.444917,-88.185583,5,"Human","Debris and open burning","3/28/2019","Henry County"
35.997133,-84.814117,6,"Human","Debris and open burning","4/3/2019","Cumberland County"
35.39495,-86.261767,10.1,"Human","Debris and open burning","3/22/2019","Coffee County"
35.843583,-88.332867,0.3,"Human","Debris and open burning","6/14/2019","Carroll County"
35.985533,-87.78335,25,"Missing data/not specified/undetermined","Missing data/not specified/undetermined","3/28/2019","Humphreys County"
35.45925,-85.899233,0.3,"Missing data/not specified/undetermined","Missing data/not specified/undetermined","8/30/2019","Coffee County"
35.497033,-85.655117,0.1,"Human","Debris and open burning","9/19/2019","Grundy County"
35.826933,-87.4076,1,"Human","Missing data/not specified/undetermined","9/19/2019","Hickman County"
35.757067,-85.32965,18,"Human","Debris and open burning","9/22/2019","Van Buren County"
36.22695,-85.415483,3,"Human","Debris and open burning","10/11/2019","Putnam County"
36.314267,-87.893933,2.9,"Human","Equipment and vehicle use","8/31/2019","Houston County"
36.504433,-83.998783,0.5,"Missing data/not specified/undetermined","Missing data/not specified/undetermined","2/5/2019","Campbell County"
36.13075,-83.999667,5,"Human","Debris and open burning","3/24/2019","Knox County"
35.724783,-89.516033,52,"Human","Debris and open burning","9/21/2019","Lauderdale County"
35.82885,-87.99285,2,"Missing data/not specified/undetermined","Missing data/not specified/undetermined","9/29/2019","Benton County"
36.06095,-89.261733,0.3,"Human","Equipment and vehicle use","10/22/2019","Dyer County"
35.093283,-86.1265,2.3,"Missing data/not specified/undetermined","Missing data/not specified/undetermined","3/22/2019","Franklin County"
35.763333,-83.648417,1,"Human","Debris and open burning","5/30/2019","Sevier County"
34.988933,-84.574683,1,"Human","Recreation and ceremony","3/24/2019","Polk County"
35.349667,-87.37,0.5,"Human","Debris and open burning","10/2/2019","Lawrence County"
35.144817,-87.75,2,"Human","Debris and open burning","10/11/2019","Wayne County"
35.7965,-88.040333,12,"Human","Debris and open burning","4/3/2019","Decatur County"
36.00855,-89.3842,1,"Missing data/not specified/undetermined","Missing data/not specified/undetermined","4/11/2019","Dyer County"
36.092017,-88.801833,1,"Human","Equipment and vehicle use","9/17/2019","Gibson County"
36.216967,-89.084133,10,"Human","Debris and open burning","9/15/2019","Obion County"
35.066417,-88.753817,0.2,"Human","Debris and open burning","3/23/2019","McNairy County"
35.9222,-88.11575,30,"Human","Debris and open burning","3/20/2019","Benton County"
35.919083,-87.53045,5.7,"Human","Other causes","4/1/2019","Hickman County"
35.6325,-85.2181,0.3,"Missing data/not specified/undetermined","Missing data/not specified/undetermined","3/27/2019","Bledsoe County"
36.38055,-84.395133,18.1,"Human","Power generation/transmission/distribution","11/6/2019","Scott County"
35.138083,-88.678067,0.2,"Human","Power generation/transmission/distribution","3/14/2019","McNairy County"
35.654933,-87.597183,0.5,"Missing data/not specified/undetermined","Missing data/not specified/undetermined","3/22/2019","Hickman County"
36.274,-85.1035,1,"Human","Debris and open burning","9/7/2019","Fentress County"
35.57045,-84.704867,1,"Missing data/not specified/undetermined","Missing data/not specified/undetermined","10/20/2019","Meigs County"
35.680383,-85.504533,0.3,"Human","Debris and open burning","12/5/2019","Van Buren County"
35.757583,-85.851867,3,"Human","Debris and open burning","12/9/2019","Warren County"
36.068167,-84.987167,4,"Missing data/not specified/undetermined","Missing data/not specified/undetermined","10/14/2019","Cumberland County"
36.021817,-85.154467,8,"Human","Missing data/not specified/undetermined","11/6/2019","Cumberland County"
35.14435,-86.394767,3,"Missing data/not specified/undetermined","Missing data/not specified/undetermined","9/25/2019","Lincoln County"
35.0892,-87.810367,7.6,"Human","Debris and open burning","9/30/2019","Wayne County"
35.66795,-87.302017,12,"Human","Equipment and vehicle use","3/27/2019","Maury County"
36.35165,-83.387367,19.5,"Missing data/not specified/undetermined","Missing data/not specified/undetermined","3/23/2019","Grainger County"
36.070167,-84.616317,10,"Missing data/not specified/undetermined","Missing data/not specified/undetermined","3/20/2019","Morgan County"
36.043483,-89.536,1,"Human","Equipment and vehicle use","9/23/2019","Dyer County"
36.204567,-88.383233,5,"Human","Debris and open burning","9/19/2019","Henry County"
36.159183,-88.258883,4.5,"Human","Debris and open burning","10/14/2019","Henry County"
36.158467,-88.860117,6.5,"Missing data/not specified/undetermined","Missing data/not specified/undetermined","12/23/2019","Weakley County"
36.4372,-83.565417,0.1,"Human","Debris and open burning","3/19/2019","Claiborne County"
35.647533,-84.56425,6,"Human","Equipment and vehicle use","3/20/2019","Loudon County"
36.48145,-83.36175,3,"Missing data/not specified/undetermined","Missing data/not specified/undetermined","3/20/2019","Hancock County"
35.265167,-88.430217,3,"Human","Debris and open burning","2/2/2019","McNairy County"
36.312567,-88.818067,1,"Human","Power generation/transmission/distribution","3/6/2019","Weakley County"
35.930033,-88.441883,1,"Human","Power generation/transmission/distribution","3/13/2019","Carroll County"
36.207883,-88.389083,0.3,"Missing data/not specified/undetermined","Missing data/not specified/undetermined","3/19/2019","Henry County"
36.333117,-88.555917,1,"Human","Debris and open burning","3/18/2019","Weakley County"
35.67595,-88.5291,5,"Human","Debris and open burning","3/24/2019","Henderson County"
35.7057,-86.092217,2.3,"Human","Debris and open burning","3/17/2019","Cannon County"
35.55495,-84.166183,0.1,"Missing data/not specified/undetermined","Missing data/not specified/undetermined","9/21/2019","Monroe County"
35.039433,-87.610517,2,"Missing data/not specified/undetermined","Missing data/not specified/undetermined","12/9/2019","Wayne County"
35.676683,-84.9923,8,"Missing data/not specified/undetermined","Missing data/not specified/undetermined","3/30/2019","Bledsoe County"
36.498567,-84.851233,47.9,"Human","Debris and open burning","3/30/2019","Fentress County"
35.279517,-85.774417,6.2,"Missing data/not specified/undetermined","Missing data/not specified/undetermined","4/3/2019","Grundy County"
35.1726,-88.169733,1,"Human","Debris and open burning","4/3/2019","Hardin County"
35.560267,-85.47165,1,"Human","Debris and open burning","5/19/2019","Van Buren County"
35.254567,-85.711233,0.1,"Human","Equipment and vehicle use","5/28/2019","Marion County"
35.812733,-86.01175,4.3,"Human","Debris and open burning","5/22/2019","Cannon County"
35.12355,-84.668867,15,"Human","Equipment and vehicle use","6/16/2019","Polk County"
35.7256,-85.202233,3,"Missing data/not specified/undetermined","Missing data/not specified/undetermined","9/24/2019","Bledsoe County"
34.989967,-85.436017,28.5,"Missing data/not specified/undetermined","Missing data/not specified/undetermined","11/17/2019","Hamilton County"
36.513483,-84.22085,310,"Missing data/not specified/undetermined","Missing data/not specified/undetermined","1/7/2019","Campbell County"
35.208583,-87.549333,5,"Human","Missing data/not specified/undetermined","3/22/2019","Lawrence County"
35.352017,-88.061117,3,"Human","Equipment and vehicle use","3/20/2019","Hardin County"
35.494117,-87.02645,3,"Human","Misuse of fire by a minor","4/1/2019","Maury County"
36.019583,-84.429533,0.5,"Missing data/not specified/undetermined","Missing data/not specified/undetermined","3/21/2019","Morgan County"
36.128433,-84.711217,3,"Missing data/not specified/undetermined","Missing data/not specified/undetermined","3/20/2019","Morgan County"
36.13415,-84.70295,40,"Missing data/not specified/undetermined","Missing data/not specified/undetermined","3/13/2019","Morgan County"
35.891683,-86.048683,7.4,"Human","Power generation/transmission/distribution","1/9/2019","Cannon County"
35.575433,-89.67245,148,"Human","Debris and open burning","9/21/2019","Tipton County"
35.65325,-85.460283,2.3,"Human","Debris and open burning","2/2/2019","Van Buren County"
36.414217,-83.168167,3,"Human","Debris and open burning","3/30/2019","Hawkins County"
36.395233,-83.310383,3,"Human","Debris and open burning","4/3/2019","Grainger County"
36.1048,-84.784867,1,"Missing data/not specified/undetermined","Missing data/not specified/undetermined","4/10/2019","Morgan County"
35.973433,-87.424217,1.5,"Human","Other causes","10/4/2019","Hickman County"
35.2307,-87.751833,28,"Missing data/not specified/undetermined","Missing data/not specified/undetermined","9/29/2019","Wayne County"
35.762617,-88.2475,1,"Human","Debris and open burning","7/4/2019","Henderson County"
36.270767,-89.336367,2.2,"Human","Equipment and vehicle use","9/21/2019","Obion County"
35.720233,-88.256467,6.5,"Human","Missing data/not specified/undetermined","3/20/2019","Henderson County"
35.752633,-88.59075,4,"Missing data/not specified/undetermined","Missing data/not specified/undetermined","3/28/2019","Henderson County"
35.819733,-84.010733,4,"Human","Equipment and vehicle use","9/23/2019","Blount County"
35.1166,-88.31935,1.2,"Human","Debris and open burning","12/5/2019","Hardin County"
35.346483,-85.740767,14.2,"Missing data/not specified/undetermined","Missing data/not specified/undetermined","4/11/2019","Grundy County"
35.0022,-85.85555,2.3,"Missing data/not specified/undetermined","Missing data/not specified/undetermined","5/28/2019","Marion County"
35.620917,-85.89965,0.5,"Human","Debris and open burning","8/29/2019","Warren County"
35.66815,-86.021017,3.9,"Human","Debris and open burning","9/15/2019","Cannon County"
36.0057,-85.7998,0.5,"Human","Other causes","9/25/2019","DeKalb County"
35.731233,-86.026517,2.4,"Human","Debris and open burning","10/4/2019","Cannon County"
35.148717,-84.9041,0.1,"Human","Debris and open burning","10/16/2019","Bradley County"
36.4401,-86.0381,11.8,"Human","Debris and open burning","12/5/2019","Macon County"
35.7031,-87.878517,6.2,"Human","Debris and open burning","9/8/2019","Perry County"
36.330867,-87.577583,4.6,"Human","Equipment and vehicle use","3/20/2019","Houston County"
36.134317,-84.714083,0.5,"Missing data/not specified/undetermined","Missing data/not specified/undetermined","3/20/2019","Morgan County"
35.647783,-88.424967,2,"Human","Debris and open burning","10/4/2019","Henderson County"
35.729333,-88.106233,5,"Human","Equipment and vehicle use","10/11/2019","Decatur County"
35.685483,-83.786283,0.3,"Missing data/not specified/undetermined","Missing data/not specified/undetermined","4/12/2019","Blount County"
36.364917,-84.07565,0.4,"Missing data/not specified/undetermined","Missing data/not specified/undetermined","4/3/2019","Campbell County"
36.1224,-84.661867,0.8,"Missing data/not specified/undetermined","Missing data/not specified/undetermined","5/15/2019","Morgan County"
35.3917,-85.668867,2,"Missing data/not specified/undetermined","Missing data/not specified/undetermined","3/23/2019","Grundy County"
35.26905,-85.703367,11.7,"Missing data/not specified/undetermined","Missing data/not specified/undetermined","3/23/2019","Grundy County"
36.216067,-84.715583,15,"Human","Debris and open burning","11/17/2019","Morgan County"
36.3309,-83.894567,0.1,"Human","Equipment and vehicle use","5/4/2020","Union County"
35.92755,-83.50505,0.5,"Human","Debris and open burning","10/1/2020","Sevier County"
35.015833,-88.59615,4,"Human","Debris and open burning","3/1/2020","McNairy County"
35.82827485,-89.5636839,1,"Missing data/not specified/undetermined","Missing data/not specified/undetermined","8/24/2020","Lauderdale County"
36.32361667,-84.70716667,2,"Human","Debris and open burning","11/17/2020","Morgan County"
36.33255,-84.545433,4,"Human","Equipment and vehicle use","4/9/2020","Scott County"
36.294267,-88.58835,0.5,"Human","Debris and open burning","1/27/2020","Weakley County"
35.34643333,-84.60563333,15,"Missing data/not specified/undetermined","Missing data/not specified/undetermined","11/19/2020","McMinn County"
36.535617,-83.396117,107,"Human","Debris and open burning","3/8/2020","Hancock County"
35.62295,-87.856583,4,"Human","Missing data/not specified/undetermined","4/27/2020","Perry County"
35.899,-83.929633,2,"Human","Debris and open burning","4/5/2020","Knox County"
35.3736,-88.0446,3.52,"Human","Missing data/not specified/undetermined","12/26/2020","Hardin County"
35.83848333,-85.62976667,0.25,"Human","Missing data/not specified/undetermined","12/23/2020","White County"
35.255,-85.81203333,1,"Human","Missing data/not specified/undetermined","12/23/2020","Grundy County"
35.69825,-83.66045,64,"Human","Power generation/transmission/distribution","1/11/2020","Sevier County"
36.22678333,-82.1389,0.5,"Missing data/not specified/undetermined","Missing data/not specified/undetermined","11/27/2020","Carter County"
36.48475,-88.601583,1,"Human","Debris and open burning","2/9/2020","Weakley County"
35.92511667,-89.43636667,0.5,"Human","Debris and open burning","11/20/2020","Lauderdale County"
36.47876263,-84.94930001,6,"Human","Debris and open burning","11/15/2020","Fentress County"
35.97253174,-89.415129,3.5,"Human","Debris and open burning","11/13/2020","Dyer County"
36.235083,-82.329017,5,"Human","Debris and open burning","3/8/2020",""
35.3295,-86.7735,3,"Human","Debris and open burning","12/9/2020","Marshall County"
35.51953333,-88.02295,10,"Human","Recreation and ceremony","11/20/2020","Decatur County"
35.611133,-84.349433,0.1,"Human","Debris and open burning","3/26/2020","Monroe County"
35.11588333,-87.83433333,10,"Human","Debris and open burning","7/20/2020","Wayne County"
35.67945,-88.68161667,0.1,"Human","Missing data/not specified/undetermined","11/12/2020","Madison County"
35.01475,-87.241733,10,"Human","Other causes","3/1/2020","Lawrence County"
36.351533,-82.304983,5,"Human","Debris and open burning","4/3/2020","Carter County"
35.35173333,-88.96033333,2,"Human","Missing data/not specified/undetermined","11/19/2020","Hardeman County"
35.93045393,-85.94012797,60,"Missing data/not specified/undetermined","Missing data/not specified/undetermined","11/2/2020","DeKalb County"
36.081101,-85.23495913,3,"Human","Missing data/not specified/undetermined","12/29/2020","Cumberland County"
35.347151,-88.07466,55,"Human","Missing data/not specified/undetermined","11/17/2020","Hardin County"
36.216667,-84.6665,3,"Missing data/not specified/undetermined","Missing data/not specified/undetermined","4/4/2020","Morgan County"
36.592667,-82.996333,1.5,"Missing data/not specified/undetermined","Missing data/not specified/undetermined","4/7/2020","Hancock County"
36.56055,-84.806667,15,"Missing data/not specified/undetermined","Missing data/not specified/undetermined","4/9/2020","Fentress County"
36.24936667,-88.73835,0.1,"Missing data/not specified/undetermined","Missing data/not specified/undetermined","8/10/2020","Weakley County"
36.235683,-83.468517,4,"Human","Debris and open burning","6/24/2020","Grainger County"
36.310683,-83.1776,2,"Missing data/not specified/undetermined","Missing data/not specified/undetermined","4/5/2020","Hamblen County"
35.586,-87.59,19,"Human","Missing data/not specified/undetermined","12/9/2020","Lewis County"
35.85035104,-88.33049838,0.1,"Human","Missing data/not specified/undetermined","11/5/2020","Carroll County"
36.186867,-84.641233,10,"Human","Debris and open burning","4/3/2020","Morgan County"
35.01036111,-84.36472222,80,"Missing data/not specified/undetermined","Missing data/not specified/undetermined","11/4/2020","Polk County"
36.07885891,-89.01931022,2,"Missing data/not specified/undetermined","Missing data/not specified/undetermined","11/18/2020","Gibson County"
35.086683,-87.9132,2,"Human","Debris and open burning","3/7/2020","Wayne County"
35.16880886,-84.3127808,6,"Human","Recreation and ceremony","11/10/2020","Polk County"
35.75198333,-84.41341667,18.38,"Human","Missing data/not specified/undetermined","11/25/2020","Loudon County"
36.25633333,-83.47175,1,"Human","Debris and open burning","9/20/2020","Grainger County"
35.54603333,-88.1844,2,"Human","Debris and open burning","10/6/2020","Decatur County"
36.431533,-87.8276,4,"Human","Debris and open burning","4/2/2020","Stewart County"
35.902183,-84.624,1,"Human","Missing data/not specified/undetermined","2/15/2020","Roane County"
36.27303333,-82.30373333,1,"Human","Missing data/not specified/undetermined","11/10/2020","Carter County"
36.42274366,-82.64470272,8.2,"Missing data/not specified/undetermined","Missing data/not specified/undetermined","11/20/2020","Washington County"
35.04376667,-88.39015,15,"Human","Missing data/not specified/undetermined","7/29/2020","McNairy County"
36.366033,-87.791717,28,"Human","Equipment and vehicle use","3/8/2020","Stewart County"
35.98105,-85.26505,5,"Missing data/not specified/undetermined","Missing data/not specified/undetermined","4/3/2020","Putnam County"
35.61643333,-87.5887,0.1,"Human","Missing data/not specified/undetermined","7/27/2020","Lewis County"
36.14275,-89.36976667,0.2,"Human","Equipment and vehicle use","12/11/2020","Dyer County"
35.11991667,-88.91156667,0.5,"Human","Missing data/not specified/undetermined","11/14/2020","Hardeman County"
35.012517,-88.8239,7,"Human","Debris and open burning","2/9/2020","Hardeman County"
36.23555,-88.808767,0.1,"Human","Debris and open burning","1/21/2020","Weakley County"
36.47271667,-82.18361667,2,"Human","Debris and open burning","11/9/2020","Sullivan County"
36.374533,-88.755083,0.2,"Human","Equipment and vehicle use","6/26/2020","Weakley County"
36.3746,-88.2906,1,"Human","Missing data/not specified/undetermined","11/16/2020","Henry County"
35.36103333,-87.9693,80,"Human","Missing data/not specified/undetermined","11/4/2020","Wayne County"
36.4166,-84.311467,40,"Missing data/not specified/undetermined","Missing data/not specified/undetermined","3/29/2020","Campbell County"
35.089383,-87.989717,1.5,"Human","Missing data/not specified/undetermined","3/6/2020","Hardin County"
36.2952,-84.16825,2,"Human","Debris and open burning","3/27/2020","Campbell County"
35.69825,-83.660467,1,"Human","Other causes","1/2/2020","Sevier County"
35.68465,-87.5773,3,"Human","Power generation/transmission/distribution","2/22/2020","Hickman County"
36.377317,-82.92865,49,"Human","Debris and open burning","3/8/2020","Hawkins County"
35.39213333,-85.59173333,47.3,"Human","Missing data/not specified/undetermined","11/5/2020","Grundy County"
36.406233,-88.790783,0.1,"Missing data/not specified/undetermined","Missing data/not specified/undetermined","3/3/2020","Weakley County"
36.50753333,-83.35685,10,"Human","Debris and open burning","12/11/2020","Hancock County"
36.2787,-84.627383,0.2,"Human","Other causes","6/2/2020","Morgan County"
36.011813,-88.69853,35,"Human","Missing data/not specified/undetermined","12/8/2020","Gibson County"
35.009583,-87.727217,0.5,"Missing data/not specified/undetermined","Missing data/not specified/undetermined","3/8/2020","Wayne County"
36.58225,-82.852833,30,"Human","Debris and open burning","4/5/2020","Hawkins County"
36.0471378,-83.84376846,1,"Human","Missing data/not specified/undetermined","7/27/2020","Knox County"
36.342883,-84.1019,7,"Human","Debris and open burning","4/11/2020","Campbell County"
35.54851355,-85.97322568,0.8,"Human","Missing data/not specified/undetermined","11/20/2020","Coffee County"
35.232885,-85.677749,3.1,"Human","Debris and open burning","11/9/2020","Marion County"
35.649133,-85.420233,2,"Human","Debris and open burning","4/6/2020","Van Buren County"
35.225217,-85.412367,4.2,"Missing data/not specified/undetermined","Missing data/not specified/undetermined","2/3/2020","Sequatchie County"
35.596817,-85.55475,0.1,"Human","Equipment and vehicle use","4/16/2020","Van Buren County"
36.2412,-83.968267,14,"Human","Debris and open burning","4/17/2020","Union County"
36.547333,-84.514683,10,"Missing data/not specified/undetermined","Missing data/not specified/undetermined","4/11/2020","Scott County"
36.28253333,-88.76355,3,"Human","Equipment and vehicle use","10/6/2020","Weakley County"
35.9875821,-85.92314216,0.25,"Human","Missing data/not specified/undetermined","11/6/2020","DeKalb County"
35.085917,-87.964883,3,"Human","Debris and open burning","4/2/2020","Wayne County"
36.43921667,-83.83045,2,"Human","Debris and open burning","12/10/2020","Claiborne County"
36.44748333,-88.93363333,13,"Human","Equipment and vehicle use","10/5/2020","Obion County"
36.38955934,-88.13775158,0.1,"Human","Missing data/not specified/undetermined","11/17/2020","Henry County"
35.8902,-85.966,0.1,"Human","Other causes","5/31/2020","Cannon County"
35.606267,-87.3866,5,"Human","Debris and open burning","6/4/2020","Lewis County"
35.312583,-85.746833,2.1,"Human","Power generation/transmission/distribution","3/9/2020","Grundy County"
35.10593333,-88.25195,5,"Human","Missing data/not specified/undetermined","10/7/2020","Hardin County"
35.368983,-85.5631,10.7,"Missing data/not specified/undetermined","Missing data/not specified/undetermined","4/11/2020","Grundy County"
35.8467,-85.023317,17.5,"Missing data/not specified/undetermined","Missing data/not specified/undetermined","4/5/2020","Cumberland County"
36.406283,-88.790417,0.1,"Missing data/not specified/undetermined","Missing data/not specified/undetermined","4/3/2020","Weakley County"
36.3321182,-87.85754429,1.5,"Human","Debris and open burning","11/4/2020","Stewart County"
36.23835,-84.852517,2.5,"Human","Debris and open burning","5/11/2020","Morgan County"
35.42433333,-88.27113333,1,"Human","Debris and open burning","11/14/2020","Henderson County"
35.766983,-84.90395,0.5,"Missing data/not specified/undetermined","Missing data/not specified/undetermined","4/17/2020","Rhea County"
36.273983,-88.5965,19,"Human","Debris and open burning","3/6/2020","Weakley County"
36.33935,-88.774867,1.5,"Human","Equipment and vehicle use","1/9/2020","Weakley County"
36.4963,-88.54886667,0.5,"Human","Missing data/not specified/undetermined","7/6/2020","Weakley County"
35.3629681,-84.2840465,20,"Missing data/not specified/undetermined","Missing data/not specified/undetermined","11/3/2020","Monroe County"
36.44116667,-87.80761667,7,"Human","Missing data/not specified/undetermined","12/29/2020","Stewart County"
35.06851667,-89.24273333,1,"Human","Debris and open burning","11/18/2020","Fayette County"
36.344,-87.84835,11,"Human","Debris and open burning","3/5/2020","Stewart County"
36.2369,-88.617333,0.1,"Human","Equipment and vehicle use","2/28/2020","Weakley County"
35.9783266,-87.7319601,10,"Human","Missing data/not specified/undetermined","12/11/2020","Humphreys County"
35.645117,-83.992117,2.8,"Human","Debris and open burning","6/4/2020","Blount County"
36.473023,-87.94418335,9,"Human","Debris and open burning","10/5/2020","Stewart County"
36.38665,-83.237383,10.5,"Human","Debris and open burning","3/7/2020","Hawkins County"
35.29585,-85.787433,19.7,"Missing data/not specified/undetermined","Missing data/not specified/undetermined","3/7/2020","Grundy County"
35.47168333,-85.68038333,2.4,"Human","Missing data/not specified/undetermined","11/9/2020","Grundy County"
35.009383,-88.660983,1.3,"Human","Debris and open burning","2/3/2020","McNairy County"
36.56191667,-82.9279,2,"Human","Missing data/not specified/undetermined","9/6/2020","Hancock County"
35.3873,-87.782617,20,"Human","Equipment and vehicle use","1/8/2020","Wayne County"
36.05536667,-84.50868333,0.5,"Human","Missing data/not specified/undetermined","9/16/2020","Morgan County"
35.682,-88.166317,1,"Missing data/not specified/undetermined","Missing data/not specified/undetermined","4/3/2020","Decatur County"
35.851317,-87.375933,1,"Human","Missing data/not specified/undetermined","4/16/2020","Hickman County"
36.20201667,-84.30443333,5,"Human","Missing data/not specified/undetermined","11/3/2020","Anderson County"
36.58055,-83.798133,0.1,"Human","Missing data/not specified/undetermined","1/13/2020","Claiborne County"
36.43114483,-85.38759274,2,"Human","Missing data/not specified/undetermined","11/13/2020","Overton County"
36.20533,-89.15918,4,"Human","Equipment and vehicle use","9/30/2020","Obion County"
36.16625,-82.37455,4,"Human","Debris and open burning","3/9/2020","Unicoi County"
35.5108,-85.35896667,0.5,"Human","Equipment and vehicle use","10/17/2020","Bledsoe County"
36.566083,-85.793433,1.3,"Human","Debris and open burning","4/4/2020","Clay County"
36.5041,-83.62861667,0.1,"Human","Debris and open burning","11/9/2020","Claiborne County"
36.52336667,-84.42648333,1.2,"Human","Recreation and ceremony","11/6/2020","Scott County"
35.90382,-88.2417,15,"Human","Arson/incendiarism","8/25/2020","Carroll County"
36.1709,-82.03915,0.5,"Human","Missing data/not specified/undetermined","11/15/2020","Carter County"
36.2983607,-88.72950196,0.1,"Human","Equipment and vehicle use","11/15/2020","Weakley County"
35.36421667,-85.56756667,0.1,"Human","Equipment and vehicle use","8/3/2020","Grundy County"
36.54611667,-87.65476667,0.3,"Human","Missing data/not specified/undetermined","11/5/2020","Stewart County"
35.89713333,-84.66365,25,"Human","Missing data/not specified/undetermined","11/20/2020","Roane County"
35.022383,-87.604,10,"Human","Debris and open burning","2/3/2020","Lawrence County"
36.17,-88.0404,56,"Missing data/not specified/undetermined","Missing data/not specified/undetermined","9/16/2020","Benton County"
36.05753333,-88.00736667,0.1,"Human","Debris and open burning","11/19/2020","Benton County"
35.3465,-86.26828333,111,"Human","Debris and open burning","12/9/2020","Moore County"
35.68215,-89.9051,1,"Human","Debris and open burning","5/3/2020","Lauderdale County"
35.9253,-89.35325,2,"Human","Equipment and vehicle use","4/27/2020","Dyer County"
35.199933,-88.568333,11,"Human","Debris and open burning","4/3/2020","McNairy County"
35.970667,-84.6141,1.5,"Human","Debris and open burning","4/10/2020","Morgan County"
36.29496667,-87.47858333,3,"Human","Missing data/not specified/undetermined","11/17/2020","Dickson County"
36.3966,-84.5503,3.5,"Human","Power generation/transmission/distribution","3/4/2020","Scott County"
35.073133,-87.212017,10,"Human","Debris and open burning","3/7/2020","Giles County"
35.203283,-87.436433,2.5,"Human","Debris and open burning","3/27/2020","Lawrence County"
35.561683,-84.905317,3,"Human","Debris and open burning","5/17/2020","Rhea County"
36.203217,-88.755633,2,"Human","Debris and open burning","4/6/2020","Weakley County"
35.23838333,-85.57358333,94.2,"Human","Missing data/not specified/undetermined","11/10/2020","Marion County"
36.19993333,-84.51148333,100,"Human","Missing data/not specified/undetermined","11/9/2020","Morgan County"
35.895833,-85.729667,9.5,"Human","Debris and open burning","3/8/2020","DeKalb County"
35.70355,-84.874983,5,"Human","Power generation/transmission/distribution","3/6/2020","Rhea County"
36.43941613,-82.75992698,1,"Human","Debris and open burning","10/23/2020","Hawkins County"
36.41241667,-87.78308333,9,"Human","Debris and open burning","11/12/2020","Stewart County"
35.5351,-87.50123333,0.3,"Human","Debris and open burning","11/19/2020","Lewis County"
35.3386,-85.760233,21.7,"Missing data/not specified/undetermined","Missing data/not specified/undetermined","4/5/2020","Grundy County"
35.150933,-88.8578,2,"Human","Debris and open burning","2/2/2020","Hardeman County"
36.28580794,-85.80090523,0.5,"Human","Missing data/not specified/undetermined","11/19/2020","Jackson County"
35.69544312,-84.32142352,3,"Missing data/not specified/undetermined","Missing data/not specified/undetermined","11/22/2020","Loudon County"
35.869217,-83.75755,0.1,"Human","Equipment and vehicle use","3/10/2020","Sevier County"
35.9773,-87.7185,12,"Human","Missing data/not specified/undetermined","11/18/2020","Humphreys County"
36.494183,-87.904667,25,"Human","Debris and open burning","3/7/2020","Stewart County"
35.1215,-88.52563333,5,"Human","Missing data/not specified/undetermined","11/29/2020","McNairy County"
35.858,-83.2469,0.4,"Human","Debris and open burning","12/22/2020","Cocke County"
36.14117,-89.36388,1,"Human","Debris and open burning","12/27/2020","Dyer County"
35.36255,-85.74088333,4.1,"Human","Missing data/not specified/undetermined","11/8/2020","Grundy County"
36.15536667,-84.90013333,22,"Missing data/not specified/undetermined","Missing data/not specified/undetermined","11/18/2020","Morgan County"
36.030433,-87.438733,1.3,"Human","Debris and open burning","1/9/2020","Dickson County"
36.0346,-86.353183,0.1,"Human","Debris and open burning","6/20/2020","Wilson County"
35.77161667,-85.32943333,175,"Missing data/not specified/undetermined","Missing data/not specified/undetermined","10/22/2020","Van Buren County"
36.275917,-88.306067,1.5,"Missing data/not specified/undetermined","Missing data/not specified/undetermined","3/4/2020","Henry County"
35.776684,-88.235866,14,"Missing data/not specified/undetermined","Missing data/not specified/undetermined","9/17/2020","Henderson County"
36.4221,-88.714467,0.1,"Human","Debris and open burning","1/8/2020","Weakley County"
35.2540418,-87.76953224,0.3,"Human","Missing data/not specified/undetermined","11/9/2020","Wayne County"
35.04472222,-85.84416667,3.5,"Human","Missing data/not specified/undetermined","9/7/2020","Marion County"
35.616983,-86.02055,16.3,"Missing data/not specified/undetermined","Missing data/not specified/undetermined","6/26/2020","Coffee County"
35.088967,-87.779667,3.5,"Human","Debris and open burning","6/15/2020","Wayne County"
35.479133,-85.230467,3.5,"Human","Debris and open burning","3/30/2020","Bledsoe County"
36.38412993,-84.73233998,12,"Human","Debris and open burning","11/9/2020","Fentress County"
35.08645,-87.17008333,0.1,"Human","Debris and open burning","11/22/2020","Giles County"
36.1235,-84.23516667,15,"Human","Missing data/not specified/undetermined","11/3/2020","Anderson County"
35.021617,-88.774417,8,"Human","Debris and open burning","2/2/2020","McNairy County"
36.24425,-88.74096667,1,"Human","Equipment and vehicle use","10/14/2020","Weakley County"
35.44404706,-87.48726368,7.7,"Human","Missing data/not specified/undetermined","11/6/2020","Lewis County"
36.305683,-88.7573,0.1,"Human","Equipment and vehicle use","2/20/2020","Weakley County"
36.147417,-82.875117,1,"Human","Debris and open burning","4/17/2020","Greene County"
36.45773333,-82.18098333,4,"Human","Missing data/not specified/undetermined","11/25/2020","Sullivan County"
36.387233,-82.607983,5,"Human","Debris and open burning","4/11/2020","Washington County"
36.488883,-84.973333,4.5,"Human","Debris and open burning","4/21/2020","Fentress County"
36.33103333,-88.80568333,0.1,"Human","Debris and open burning","12/4/2020","Weakley County"
35.705033,-84.681017,5,"Missing data/not specified/undetermined","Missing data/not specified/undetermined","4/17/2020","Meigs County"
35.31895,-86.285,10,"Human","Debris and open burning","12/29/2020","Moore County"
36.00225,-88.269667,1,"Human","Debris and open burning","4/18/2020","Carroll County"
36.27713333,-84.16501667,1,"Missing data/not specified/undetermined","Missing data/not specified/undetermined","11/15/2020","Campbell County"
35.47758333,-87.31196667,0.1,"Human","Debris and open burning","11/19/2020","Lewis County"
36.4496,-83.87001667,13,"Human","Debris and open burning","11/19/2020","Claiborne County"
35.783333,-83.1677,4.4,"Human","Debris and open burning","1/11/2020","Cocke County"
35.308317,-87.189717,0.2,"Human","Missing data/not specified/undetermined","6/18/2020","Giles County"
36.24186401,-82.91563085,0.01,"Human","Debris and open burning","11/10/2020","Greene County"
36.15108333,-87.70786667,0.1,"Human","Equipment and vehicle use","11/19/2020","Humphreys County"
36.56985278,-86.09438889,0.1,"Human","Debris and open burning","11/9/2020","Macon County"
35.977683,-87.659183,3,"Human","Debris and open burning","2/3/2020","Humphreys County"
36.3351,-88.71043333,0.1,"Human","Equipment and vehicle use","12/5/2020","Weakley County"
34.999933,-88.551033,0.4,"Missing data/not specified/undetermined","Missing data/not specified/undetermined","3/8/2020","McNairy County"
35.01093333,-86.46148333,1.1,"Human","Equipment and vehicle use","12/27/2020","Lincoln County"
35.878983,-87.349283,1,"Human","Debris and open burning","3/6/2020","Hickman County"
36.389267,-83.233917,4,"Human","Debris and open burning","3/8/2020","Hancock County"
36.42165,-87.71506667,12,"Human","Debris and open burning","12/9/2020","Stewart County"
35.90198333,-84.8621,0.5,"Human","Missing data/not specified/undetermined","12/12/2020","Cumberland County"
35.3508,-85.540867,4.7,"Missing data/not specified/undetermined","Missing data/not specified/undetermined","3/9/2020","Grundy County"
35.24485,-85.808,4.2,"Human","Debris and open burning","3/7/2020","Grundy County"
35.471367,-84.583317,0.1,"Missing data/not specified/undetermined","Missing data/not specified/undetermined","1/11/2020","McMinn County"
36.21796667,-83.91855,3,"Human","Debris and open burning","11/28/2020","Union County"
35.01466667,-84.34911111,125,"Missing data/not specified/undetermined","Missing data/not specified/undetermined","11/9/2020","Polk County"
36.186317,-88.709183,0.2,"Human","Power generation/transmission/distribution","1/6/2020","Weakley County"
35.0449,-88.48555,8,"Human","Missing data/not specified/undetermined","7/30/2020","McNairy County"
36.42963333,-83.26293333,2,"Human","Debris and open burning","11/18/2020","Hancock County"
35.34323333,-85.56826667,5.3,"Human","Missing data/not specified/undetermined","11/6/2020","Grundy County"
35.056017,-87.54505,2,"Missing data/not specified/undetermined","Missing data/not specified/undetermined","3/8/2020","Lawrence County"
36.53256667,-83.33516667,0.1,"Human","Debris and open burning","11/9/2020","Hancock County"
35.8648,-84.347,3,"Human","Recreation and ceremony","11/20/2020","Roane County"
36.55476667,-83.27168333,2,"Missing data/not specified/undetermined","Missing data/not specified/undetermined","11/4/2020","Hancock County"
35.06991667,-88.97109,0.1,"Human","Equipment and vehicle use","11/12/2020","Hardeman County"
36.40175,-83.342017,1,"Human","Debris and open burning","5/4/2020","Grainger County"
36.00035,-84.619,2,"Human","Debris and open burning","4/9/2020","Morgan County"
35.183483,-87.602733,10,"Human","Equipment and vehicle use","2/3/2020","Wayne County"
35.90711,-88.58656,0.5,"Human","Missing data/not specified/undetermined","11/19/2020","Carroll County"
36.390917,-82.646533,0.2,"Human","Debris and open burning","4/11/2020","Greene County"
35.83318333,-83.13978333,1,"Human","Missing data/not specified/undetermined","9/21/2020","Cocke County"
36.27686667,-87.76938333,5,"Human","Equipment and vehicle use","11/17/2020","Houston County"
35.89501667,-84.86183333,2.5,"Human","Missing data/not specified/undetermined","11/18/2020","Cumberland County"
35.893183,-87.4239,33.6,"Missing data/not specified/undetermined","Missing data/not specified/undetermined","4/27/2020","Hickman County"
35.4655,-84.85361667,5,"Human","Debris and open burning","8/17/2020","Meigs County"
36.14378333,-85.33205,10,"Human","Missing data/not specified/undetermined","12/23/2020","Putnam County"
35.84808,-88.23766,0.02,"Missing data/not specified/undetermined","Missing data/not specified/undetermined","8/25/2020","Carroll County"
35.225917,-85.178783,3,"Human","Debris and open burning","4/8/2020","Hamilton County"
36.34759785,-88.2806054,0.1,"Human","Missing data/not specified/undetermined","9/4/2020","Henry County"
36.168367,-88.8335,0.1,"Human","Debris and open burning","2/28/2020","Weakley County"
35.3687,-85.56993333,2.9,"Human","Missing data/not specified/undetermined","11/10/2020","Grundy County"
35.1672,-88.63415,1.2,"Missing data/not specified/undetermined","Missing data/not specified/undetermined","3/9/2020","McNairy County"
35.70333333,-88.53271667,0.5,"Human","Missing data/not specified/undetermined","11/19/2020","Henderson County"
35.42442121,-88.7399099,2,"Human","Missing data/not specified/undetermined","11/16/2020","Chester County"
35.01509041,-87.46772361,8,"Human","Missing data/not specified/undetermined","12/9/2020","Lawrence County"
35.25835,-85.82985,0.3,"Missing data/not specified/undetermined","Missing data/not specified/undetermined","4/2/2020","Grundy County"
36.119083,-88.737117,0.2,"Human","Debris and open burning","4/11/2020","Weakley County"
36.38778247,-85.33636272,0.1,"Human","Debris and open burning","12/2/2020","Overton County"
35.327317,-85.41025,0.5,"Human","Debris and open burning","4/21/2020","Sequatchie County"
35.430783,-85.7927,8.8,"Missing data/not specified/undetermined","Missing data/not specified/undetermined","4/3/2020","Grundy County"
36.112,-85.873917,5,"Missing data/not specified/undetermined","Missing data/not specified/undetermined","2/23/2020","Smith County"
36.394017,-82.236383,1.5,"Human","Debris and open burning","3/30/2020","Carter County"
36.109833,-85.005483,5.3,"Missing data/not specified/undetermined","Missing data/not specified/undetermined","4/5/2020","Cumberland County"
35.38005333,-88.63929,1,"Human","Missing data/not specified/undetermined","12/23/2020","Chester County"
35.57035,-87.569083,2,"Human","Equipment and vehicle use","4/5/2020","Lewis County"
35.108967,-88.6003,3,"Human","Debris and open burning","3/5/2020","McNairy County"
36.17791667,-83.16275,1.5,"Human","Missing data/not specified/undetermined","12/23/2020","Greene County"
36.12248333,-84.62113333,9,"Missing data/not specified/undetermined","Missing data/not specified/undetermined","11/20/2020","Morgan County"
35.04866667,-89.13255,2,"Human","Debris and open burning","11/19/2020","Hardeman County"
35.660633,-88.04605,1,"Human","Power generation/transmission/distribution","4/6/2020","Decatur County"
35.38201667,-87.93675,12,"Human","Equipment and vehicle use","7/18/2020","Wayne County"
35.3688,-85.542317,0.1,"Missing data/not specified/undetermined","Missing data/not specified/undetermined","4/10/2020","Grundy County"
36.07288333,-87.30431667,0.1,"Human","Debris and open burning","11/19/2020","Dickson County"
36.17746667,-84.34176667,3,"Human","Missing data/not specified/undetermined","11/16/2020","Anderson County"
36.10735,-89.5804,1,"Human","Power generation/transmission/distribution","5/7/2020","Dyer County"
35.84246,-88.24168,0.03,"Missing data/not specified/undetermined","Missing data/not specified/undetermined","8/25/2020","Carroll County"
36.516883,-83.216233,6,"Human","Recreation and ceremony","4/28/2020","Hancock County"
36.25413333,-88.74571667,1,"Human","Missing data/not specified/undetermined","11/15/2020","Weakley County"
35.8710075,-87.4465029,15.1,"Human","Missing data/not specified/undetermined","11/18/2020","Hickman County"
35.1659,-87.860283,15,"Human","Debris and open burning","2/28/2020","Wayne County"
35.90049295,-85.92433512,60,"Missing data/not specified/undetermined","Missing data/not specified/undetermined","11/4/2020","DeKalb County"
35.9465,-85.25765,13,"Human","Debris and open burning","4/6/2020","White County"
36.54285,-84.152817,4,"Missing data/not specified/undetermined","Missing data/not specified/undetermined","4/11/2020","Campbell County"
35.286833,-85.6225,3.2,"Human","Debris and open burning","4/3/2020","Marion County"
36.12078333,-85.24415,10,"Human","Debris and open burning","11/8/2020","Putnam County"
35.06965,-87.01211667,2.5,"Human","Missing data/not specified/undetermined","12/10/2020","Giles County"
35.898617,-85.16955,5,"Missing data/not specified/undetermined","Missing data/not specified/undetermined","3/7/2020","Cumberland County"
35.9161,-88.100833,1,"Human","Debris and open burning","1/27/2020","Benton County"
35.328683,-85.447983,0.5,"Human","Debris and open burning","4/15/2020","Sequatchie County"
36.4451,-82.813667,9,"Human","Debris and open burning","4/7/2020","Hawkins County"
36.34678333,-87.71198333,0.8,"Human","Debris and open burning","11/28/2020","Houston County"
35.388517,-84.528817,1.5,"Missing data/not specified/undetermined","Missing data/not specified/undetermined","1/30/2020","McMinn County"
35.336767,-84.31895,0.4,"Human","Debris and open burning","4/6/2020","Monroe County"
35.26671667,-85.71001667,0.5,"Human","Missing data/not specified/undetermined","10/21/2020","Grundy County"
35.705667,-85.45705,0.5,"Human","Debris and open burning","1/22/2020","Van Buren County"
35.4442063,-87.4874499,5,"Human","Missing data/not specified/undetermined","11/5/2020","Lewis County"
35.778,-88.231,3,"Missing data/not specified/undetermined","Missing data/not specified/undetermined","9/9/2020","Henderson County"
36.2086,-88.70865,0.1,"Human","Debris and open burning","11/12/2020","Weakley County"
35.269433,-88.4225,1.4,"Human","Debris and open burning","4/3/2020","McNairy County"
36.48816246,-85.05844831,6,"Human","Missing data/not specified/undetermined","11/10/2020","Fentress County"
36.55485,-82.34315,2,"Human","Debris and open burning","3/5/2020","Sullivan County"
35.66675,-89.53665,12,"Human","Missing data/not specified/undetermined","11/18/2020","Lauderdale County"
35.3421,-85.75245,5.09,"Human","Missing data/not specified/undetermined","11/10/2020","Grundy County"
35.767623,-85.864275,0.98,"Human","Debris and open burning","11/14/2020","Warren County"
36.188433,-83.936117,2,"Human","Missing data/not specified/undetermined","4/6/2020","Union County"
35.21003333,-85.08605,0.1,"Human","Missing data/not specified/undetermined","7/26/2020","Hamilton County"
35.977444,-87.721565,26,"Missing data/not specified/undetermined","Missing data/not specified/undetermined","11/9/2020","Humphreys County"
36.5585,-87.81903333,1,"Human","Missing data/not specified/undetermined","11/3/2020","Stewart County"
35.432033,-88.043433,1,"Human","Equipment and vehicle use","6/6/2020","Decatur County"
35.34585,-85.314733,66.3,"Human","Debris and open burning","4/11/2020","Sequatchie County"
35.24317292,-88.69932314,3,"Missing data/not specified/undetermined","Missing data/not specified/undetermined","8/11/2020","McNairy County"
35.09925,-88.98806667,0.1,"Human","Missing data/not specified/undetermined","7/27/2020","Hardeman County"
35.752217,-89.707367,12,"Human","Debris and open burning","1/7/2020","Lauderdale County"
36.20228445,-88.25324268,2,"Human","Missing data/not specified/undetermined","12/28/2020","Henry County"
36.24960944,-88.73483419,0.1,"Human","Equipment and vehicle use","12/2/2020","Weakley County"
36.3233,-84.478867,2,"Human","Equipment and vehicle use","5/2/2020","Scott County"
35.1258,-85.324683,5.5,"Human","Debris and open burning","4/2/2020","Hamilton County"
35.521717,-87.603683,0.1,"Human","Missing data/not specified/undetermined","6/11/2020","Lewis County"
36.369083,-89.319083,1,"Human","Debris and open burning","6/2/2020","Obion County"
36.43954816,-83.01140785,0.5,"Missing data/not specified/undetermined","Missing data/not specified/undetermined","7/14/2020","Hawkins County"
36.2161,-85.23,0.8,"Human","Debris and open burning","4/11/2020","Overton County"
35.73178333,-83.91528333,0.1,"Human","Debris and open burning","11/25/2020","Blount County"
36.17791667,-83.0373,3,"Human","Debris and open burning","11/20/2020","Greene County"
35.533783,-85.502433,14.2,"Human","Debris and open burning","4/4/2020","Sequatchie County"
36.3537,-84.70106667,7,"Missing data/not specified/undetermined","Missing data/not specified/undetermined","11/6/2020","Morgan County"
35.60033333,-84.73888333,1,"Human","Missing data/not specified/undetermined","7/20/2020","Meigs County"
35.86871252,-85.99095213,0.1,"Human","Equipment and vehicle use","11/3/2020","Cannon County"
36.39283084,-88.86268259,0.1,"Human","Smoking","11/18/2020","Weakley County"
36.21193333,-82.14363333,6,"Missing data/not specified/undetermined","Missing data/not specified/undetermined","11/19/2020","Carter County"
36.24821209,-88.8667345,0.5,"Human","Equipment and vehicle use","11/19/2020","Weakley County"
36.04995,-84.584867,2,"Human","Missing data/not specified/undetermined","4/4/2020","Morgan County"
36.46773333,-85.70871667,8,"Human","Debris and open burning","11/4/2020","Jackson County"
35.42651667,-84.21825,21,"Missing data/not specified/undetermined","Missing data/not specified/undetermined","9/22/2020","Monroe County"
35.34323333,-87.97811667,6.7,"Human","Missing data/not specified/undetermined","11/24/2020","Wayne County"
35.15044512,-85.88162899,0.5,"Human","Debris and open burning","11/17/2020","Franklin County"
35.84218333,-86.1226,5.72,"Human","Debris and open burning","12/10/2020","Cannon County"
36.18466667,-88.74711667,0.1,"Human","Equipment and vehicle use","9/10/2020","Weakley County"
35.65066667,-86.13085,0.01,"Human","Debris and open burning","10/17/2020","Coffee County"
36.058533,-85.074417,2.3,"Human","Debris and open burning","4/5/2020","Cumberland County"
36.30928333,-84.99871667,100,"Human","Missing data/not specified/undetermined","11/19/2020","Fentress County"
35.10518333,-87.73783333,0.5,"Human","Equipment and vehicle use","10/4/2020","Wayne County"
35.82815,-87.23151667,0.1,"Human","Missing data/not specified/undetermined","10/18/2020","Hickman County"
35.616817,-87.5888,10.3,"Human","Debris and open burning","2/3/2020","Lewis County"
35.80746667,-84.83568333,1,"Human","Missing data/not specified/undetermined","11/17/2020","Cumberland County"
35.55135,-87.34325,0.5,"Human","Debris and open burning","3/7/2020","Lewis County"
36.1999,-84.51125,75,"Human","Missing data/not specified/undetermined","11/9/2020","Morgan County"
35.8208,-84.660583,102,"Human","Debris and open burning","4/4/2020","Roane County"
35.999,-88.74478333,1.5,"Human","Debris and open burning","12/2/2020","Gibson County"
35.426167,-85.378167,3.1,"Missing data/not specified/undetermined","Missing data/not specified/undetermined","4/9/2020","Sequatchie County"
35.41493333,-85.54711667,2,"Human","Debris and open burning","12/10/2020","Grundy County"
35.274217,-85.765983,67.8,"Missing data/not specified/undetermined","Missing data/not specified/undetermined","3/8/2020","Grundy County"
35.10665,-87.830017,5,"Human","Debris and open burning","3/7/2020","Wayne County"
36.2103534,-84.32136564,5,"Human","Missing data/not specified/undetermined","11/3/2020","Campbell County"
35.29973333,-85.81638333,2,"Human","Missing data/not specified/undetermined","11/16/2020","Grundy County"
35.0703,-88.66375,0.5,"Human","Debris and open burning","2/3/2020","McNairy County"
35.74920172,-88.2757239,10,"Missing data/not specified/undetermined","Missing data/not specified/undetermined","8/26/2020","Henderson County"
36.04315,-83.525117,4,"Human","Debris and open burning","4/9/2020","Jefferson County"
35.219,-85.39963333,3,"Human","Missing data/not specified/undetermined","11/9/2020","Sequatchie County"
35.23009835,-87.73878877,1,"Human","Debris and open burning","11/19/2020","Wayne County"
36.14168701,-82.46947377,0.1,"Human","Missing data/not specified/undetermined","11/17/2020","Unicoi County"
36.11901701,-82.33199373,0.1,"Human","Recreation and ceremony","10/15/2020","Unicoi County"
36.11658701,-82.34204373,0.1,"Human","Equipment and vehicle use","5/24/2020","Unicoi County"
36.116137,-82.38943375,0.1,"Human","Missing data/not specified/undetermined","4/14/2020","Unicoi County"
35.71474687,-83.63033409,0.1,"Human","Debris and open burning","5/14/2020","Sevier County"
35.82473691,-83.16953396,0.3,"Human","Missing data/not specified/undetermined","9/22/2020","Cocke County"
35.92322694,-83.10429395,0.1,"Human","Missing data/not specified/undetermined","11/8/2020","Cocke County"
35.91855694,-83.09867394,0.1,"Human","Missing data/not specified/undetermined","11/8/2020","Cocke County"
35.84667355,-84.72778222,182,"Human","Missing data/not specified/undetermined","4/5/2020","Roane County"
36.49389592,-84.02944865,175,"Human","Missing data/not specified/undetermined","3/9/2020","Campbell County"
36.30917364,-84.99861563,140,"Missing data/not specified/undetermined","Missing data/not specified/undetermined","11/18/2020","Fentress County"
35.31904677,-84.24868425,0.5,"Human","Missing data/not specified/undetermined","11/20/2020","Monroe County"
35.35040677,-84.21140424,0.1,"Human","Missing data/not specified/undetermined","7/7/2020","Monroe County"
35.22280673,-84.52106432,0.1,"Human","Recreation and ceremony","4/4/2020","Polk"
35.18530672,-84.60558434,1.1,"Human","Power generation/transmission/distribution","1/11/2020","Polk"
35.19967373,-84.4655043,0.1,"Human","Recreation and ceremony","6/6/2020","Polk"
35.0764767,-84.62076434,2,"Human","Arson/incendiarism","11/16/2020","Polk"
35.08152671,-84.52743431,12.8,"Human","Equipment and vehicle use","9/15/2020","Polk"
35.15294672,-84.61292434,0.1,"Human","Recreation and ceremony","7/22/2020","Polk"
35.16150672,-84.54658432,0.1,"Human","Equipment and vehicle use","4/22/2020","Polk"
35.10855671,-84.62444434,0.25,"Human","Recreation and ceremony","7/29/2020","Polk"
35.00592366,-85.35581055,0.1,"Human","Recreation and ceremony","7/1/2020","Hamilton County"
35.02594666,-85.33773454,0.1,"Human","Recreation and ceremony","4/29/2020","Hamilton County"
35.02114566,-85.34203254,0.1,"Human","Recreation and ceremony","6/20/2020","Hamilton County"
35.0709867,-84.64334435,0.25,"Human","Debris and open burning","4/5/2020","Polk"
35.25929661,-87.63020521,0.1,"Human","Equipment and vehicle use","5/22/2020","Wayne County"
36.56770686,-87.93430539,0.25,"Human","Recreation and ceremony","2/25/2020","Stewart County"
36.57258986,-88.01670541,0.3,"Human","Arson/incendiarism","11/18/2020","Stewart County"
36.61500687,-87.91600538,0.1,"Human","Recreation and ceremony","3/29/2020","Stewart County"
36.62432687,-88.03815542,0.7,"Human","Recreation and ceremony","5/24/2020","Stewart County"
36.30694706,-82.04951366,3.9,"Natural","Natural","7/18/2020","Carter County"
36.46832709,-82.11419369,0.1,"Missing data/not specified/undetermined","Missing data/not specified/undetermined","11/8/2020","Sullivan County"
36.5139171,-82.03719367,19,"Human","Missing data/not specified/undetermined","4/10/2020","Sullivan County"
36.30444705,-82.12962368,0.1,"Human","Recreation and ceremony","7/14/2020","Carter County"